m/z,UPEC_12,mean
768.5863,0.1652719608677414,0.1652719608677414
746.6023,0.1525585051191331,0.1525585051191331
744.5874,0.1238516760733252,0.1238516760733252
796.525,0.1160523796528271,0.1160523796528271
720.5885,0.1103151791865799,0.1103151791865799
766.5714,0.1091340501280389,0.1091340501280389
780.5508,0.1086749712312061,0.1086749712312061
709.514,0.1065580012185858,0.1065580012185858
707.4991,0.093219495694017,0.093219495694017
758.5668,0.0905218147795191,0.0905218147795191
718.5736,0.0903796523121571,0.0903796523121571
806.5646,0.0870140005163645,0.0870140005163645
732.553,0.0855081031108432,0.0855081031108432
740.5526,0.0849954873637787,0.0849954873637787
737.4527,0.084730534437911,0.084730534437911
756.5519,0.0847065761760728,0.0847065761760728
742.5675,0.0810779600185434,0.0810779600185434
796.63007,0.0787209391577163,0.0787209391577163
534.292,0.0780714454407901,0.0780714454407901
518.3227,0.0780425018894664,0.0780425018894664
721.47845,0.0769273152268255,0.0769273152268255
770.5062,0.0766155477480483,0.0766155477480483
563.54065,0.0757225380917265,0.0757225380917265
824.5538,0.0743201256352221,0.0743201256352221
772.61615,0.0742770283571939,0.0742770283571939
772.5211,0.0730279732553846,0.0730279732553846
798.54,0.0730162483940121,0.0730162483940121
808.57947,0.0714429628639417,0.0714429628639417
754.5369,0.071413523383017,0.071413523383017
744.49243,0.0658104971132195,0.0658104971132195
728.5181,0.0647379667024635,0.0647379667024635
786.60046,0.0634885820313427,0.0634885820313427
318.10678,0.0622066966689148,0.0622066966689148
782.5657,0.0620765013374357,0.0620765013374357
575.5001,0.0611333696846173,0.0611333696846173
683.5002,0.0609216526012621,0.0609216526012621
537.5218,0.0605472046567068,0.0605472046567068
735.53284,0.0587798021057602,0.0587798021057602
731.498,0.0583949591947981,0.0583949591947981
711.4339,0.0566893524928771,0.0566893524928771
706.5391,0.0565857360990769,0.0565857360990769
723.49335,0.0560275989571262,0.0560275989571262
551.50116,0.0555663790976676,0.0555663790976676
496.33868,0.055179942946769,0.055179942946769
818.59406,0.0539130716241564,0.0539130716241564
749.5072,0.0533772770230819,0.0533772770230819
562.3257,0.052666266248355,0.052666266248355
739.46765,0.0524479096568948,0.0524479096568948
603.5338,0.0515191673648944,0.0515191673648944
549.48627,0.0509385356976216,0.0509385356976216
733.5179,0.0493994523940403,0.0493994523940403
747.49225,0.0489736912745657,0.0489736912745657
870.5367,0.0484823419518117,0.0484823419518117
863.682,0.045426530986538,0.045426530986538
523.4725,0.0453484884089821,0.0453484884089821
846.5378,0.0450944053520043,0.0450944053520043
760.58167,0.0448192408066549,0.0448192408066549
560.3108,0.0446539913704539,0.0446539913704539
856.5423,0.0442792662534292,0.0442792662534292
758.53674,0.0435147187835715,0.0435147187835715
745.47736,0.0431761871049058,0.0431761871049058
814.5592,0.0429126390646547,0.0429126390646547
889.7008,0.0428410884508529,0.0428410884508529
802.5898,0.0426770585282875,0.0426770585282875
577.52,0.0412277163190348,0.0412277163190348
820.5239,0.0411800320232035,0.0411800320232035
599.504,0.0410563089850474,0.0410563089850474
864.56696,0.0406036320326566,0.0406036320326566
816.5791,0.0404764239380413,0.0404764239380413
806.5096,0.0402220877482539,0.0402220877482539
778.5359,0.0401955261288866,0.0401955261288866
542.3216,0.0398993734176237,0.0398993734176237
727.5182,0.0398365598512597,0.0398365598512597
830.5635,0.0395678981781602,0.0395678981781602
812.5193,0.0384681223127744,0.0384681223127744
801.4248,0.038183496234554,0.038183496234554
826.56866,0.0380639654541064,0.0380639654541064
765.48145,0.0377162077632272,0.0377162077632272
741.5275,0.037575775364197,0.037575775364197
730.538,0.037441122416807,0.037441122416807
522.3575,0.0370156178295354,0.0370156178295354
804.5497,0.0368681713560874,0.0368681713560874
947.5032,0.0367812702795521,0.0367812702795521
441.2362,0.0367655839193723,0.0367655839193723
794.51013,0.0365478362161663,0.0365478362161663
478.3295,0.0363868107195273,0.0363868107195273
844.5229,0.036321734562594,0.036321734562594
695.45966,0.0361990121789041,0.0361990121789041
858.5622,0.0361224781317134,0.0361224781317134
871.7066,0.0361174827530956,0.0361174827530956
734.5679,0.0360710193526038,0.0360710193526038
682.4552,0.0358717922353645,0.0358717922353645
853.7224,0.0358547161678349,0.0358547161678349
885.666,0.0357826731008059,0.0357826731008059
601.5189,0.035548780489512,0.035548780489512
725.5533,0.0354795820451747,0.0354795820451747
758.5118,0.0352576830263416,0.0352576830263416
788.5504,0.0351066716432648,0.0351066716432648
840.57306,0.0350503796415061,0.0350503796415061
546.35144,0.0349516687894932,0.0349516687894932
740.5226,0.0349138623393416,0.0349138623393416
856.5073,0.0347033288939525,0.0347033288939525
782.5057,0.034245887709464,0.034245887709464
504.34332,0.0339873840229532,0.0339873840229532
844.4629,0.0339853940742922,0.0339853940742922
767.49634,0.0336914820388138,0.0336914820388138
730.57306,0.033625855338657,0.033625855338657
703.5743,0.0334376367752095,0.0334376367752095
768.55133,0.0333871848345005,0.0333871848345005
784.5256,0.0333764932481001,0.0333764932481001
845.6728,0.0332554114865406,0.0332554114865406
835.66327,0.0331338288528785,0.0331338288528785
430.37668,0.0331136045252781,0.0331136045252781
788.6154,0.0329479412880057,0.0329479412880057
829.7235,0.0329175400720556,0.0329175400720556
842.58795,0.0328556649195864,0.0328556649195864
597.4841,0.0327760792399322,0.0327760792399322
746.5673,0.032748231089303,0.032748231089303
925.51917,0.0324519801904471,0.0324519801904471
761.45166,0.0322092092904896,0.0322092092904896
787.46545,0.0319690741589333,0.0319690741589333
871.69165,0.0319176758237924,0.0319176758237924
615.4933,0.0318570029907496,0.0318570029907496
963.4775,0.0314563359992445,0.0314563359992445
459.2454,0.0307303960997439,0.0307303960997439
852.5125,0.0303190772438792,0.0303190772438792
868.5268,0.0302891803630625,0.0302891803630625
763.46155,0.0301741903433625,0.0301741903433625
751.5221,0.030110538937973,0.030110538937973
800.61487,0.0297643417183325,0.0297643417183325
818.50903,0.0297344012581002,0.0297344012581002
697.47455,0.0294671749813653,0.0294671749813653
854.5274,0.0293677770373571,0.0293677770373571
756.4919,0.0290814268513695,0.0290814268513695
633.4874,0.0290596576393752,0.0290596576393752
897.72546,0.0288736045292756,0.0288736045292756
830.5285,0.028831081861032,0.028831081861032
475.21967,0.0280151719001299,0.0280151719001299
445.27103,0.0278810656250148,0.0278810656250148
735.4328,0.0275703771683587,0.0275703771683587
883.77106,0.0274402650868916,0.0274402650868916
702.5443,0.0273198924475155,0.0273198924475155
828.4936,0.0273156428268691,0.0273156428268691
524.36743,0.0271979514402552,0.0271979514402552
855.73737,0.0270385004412513,0.0270385004412513
713.4488,0.0267763057531958,0.0267763057531958
465.2351,0.0267456994908394,0.0267456994908394
857.75226,0.0265324553210364,0.0265324553210364
313.272,0.0260382506597786,0.0260382506597786
818.564,0.0260317678353286,0.0260317678353286
617.5132,0.0257128998132107,0.0257128998132107
573.48517,0.0257023675262509,0.0257023675262509
832.5234,0.025499256809619,0.025499256809619
866.58185,0.0253373424408009,0.0253373424408009
337.2759,0.0252837787904364,0.0252837787904364
850.49756,0.0250935809022347,0.0250935809022347
852.5775,0.0250337710554358,0.0250337710554358
778.4759,0.0248508097815956,0.0248508097815956
891.7157,0.0248212391440595,0.0248212391440595
817.5591,0.0245534174402369,0.0245534174402369
810.5394,0.024281792227899,0.024281792227899
475.28964,0.0241306623900419,0.0241306623900419
495.26373,0.0238232267358593,0.0238232267358593
854.5624,0.0236079324348508,0.0236079324348508
785.45056,0.0235827605790419,0.0235827605790419
342.01572,0.0234022127959873,0.0234022127959873
813.68427,0.0232540046689637,0.0232540046689637
751.4071,0.0232221106717541,0.0232221106717541
820.60394,0.0231627478571419,0.0231627478571419
745.55237,0.0230547341262548,0.0230547341262548
627.5327,0.0229082912882462,0.0229082912882462
774.57104,0.0228956221440727,0.0228956221440727
510.35806,0.022875230940667,0.022875230940667
874.7315,0.02277679755095,0.02277679755095
790.5553,0.0227520624778554,0.0227520624778554
804.4947,0.0227519666014278,0.0227519666014278
804.6097,0.0227251728955583,0.0227251728955583
589.47943,0.0224578663861599,0.0224578663861599
859.76715,0.0224196694717554,0.0224196694717554
719.45856,0.0224099714069271,0.0224099714069271
529.3272,0.0224029403364142,0.0224029403364142
838.5581,0.0223238410047895,0.0223238410047895
882.56116,0.0223114111526964,0.0223114111526964
855.4974,0.0221359792986567,0.0221359792986567
836.5432,0.0221286005892045,0.0221286005892045
880.5462,0.0219933969655065,0.0219933969655065
816.43414,0.0218345697839383,0.0218345697839383
419.2522,0.021323027131341,0.021323027131341
878.5263,0.0212264169352567,0.0212264169352567
661.5212,0.0207689920877814,0.0207689920877814
513.25793,0.0207214013920342,0.0207214013920342
881.51117,0.0206896417649413,0.0206896417649413
611.53845,0.020680442630734,0.020680442630734
860.5421,0.02066172072485,0.02066172072485
591.4944,0.0206461435711689,0.0206461435711689
323.27158,0.0204451888191547,0.0204451888191547
872.48157,0.0203472396769574,0.0203472396769574
724.5283,0.0203362106011942,0.0203362106011942
833.75336,0.0203139463944641,0.0203139463944641
843.6579,0.0203054281222071,0.0203054281222071
884.50604,0.0202475762932237,0.0202475762932237
851.6375,0.0202445341379734,0.0202445341379734
774.601,0.0199671825760874,0.0199671825760874
491.09894,0.0196065080119781,0.0196065080119781
605.5487,0.0193983714829473,0.0193983714829473
912.5348,0.0193014545809388,0.0193014545809388
793.5002,0.019221063721573,0.019221063721573
409.26764,0.0189501167944357,0.0189501167944357
437.2014,0.0189449082967135,0.0189449082967135
766.5414,0.0189232913936662,0.0189232913936662
685.4351,0.018858144188424,0.018858144188424
836.6132,0.0186075816277795,0.0186075816277795
776.59094,0.0185707299259978,0.0185707299259978
650.4367,0.0185682070281514,0.0185682070281514
550.35626,0.018511524069296,0.018511524069296
931.52893,0.0181882449140805,0.0181882449140805
802.63477,0.0180780101527062,0.0180780101527062
463.22018,0.0178586276769714,0.0178586276769714
832.5834,0.0177573653250145,0.0177573653250145
888.45087,0.0177412450179667,0.0177412450179667
469.28992,0.0177409256639939,0.0177409256639939
361.20984,0.0176880739321461,0.0176880739321461
752.55707,0.0175876654090022,0.0175876654090022
776.55597,0.0174646823488669,0.0174646823488669
635.5024,0.0174177296719098,0.0174177296719098
466.33005,0.0172327171377537,0.0172327171377537
393.29837,0.017179971202902,0.017179971202902
812.5493,0.0171514754182157,0.0171514754182157
348.19043,0.0168499383148522,0.0168499383148522
879.73627,0.0168230134409761,0.0168230134409761
811.66437,0.01674964283235,0.01674964283235
339.29083,0.0167081876033949,0.0167081876033949
809.44946,0.0166402255256772,0.0166402255256772
810.5994,0.0162460949901524,0.0162460949901524
896.7155,0.0161605837375598,0.0161605837375598
622.368,0.0158792467645637,0.0158792467645637
773.58606,0.0158620630332832,0.0158620630332832
563.5006,0.0157729539442382,0.0157729539442382
827.7036,0.0157459926879079,0.0157459926879079
526.32733,0.015704045809271,0.015704045809271
643.527,0.015667535799978,0.015667535799978
607.4686,0.0156282260018891,0.0156282260018891
382.2089,0.0155179300464364,0.0155179300464364
457.28046,0.0155105853243399,0.0155105853243399
307.0523,0.0154498215107935,0.0154498215107935
911.6798,0.0152641178517582,0.0152641178517582
458.13043,0.0150873103267076,0.0150873103267076
794.5701,0.0150221043048969,0.0150221043048969
627.4677,0.0148392230235581,0.0148392230235581
599.32404,0.0148242471697456,0.0148242471697456
347.04547,0.0147914332658674,0.0147914332658674
887.4459,0.0147768425003609,0.0147768425003609
551.3262,0.0146871576111835,0.0146871576111835
861.66705,0.014616099196084,0.014616099196084
584.3047,0.0145656216472701,0.0145656216472701
912.68976,0.0145631882277018,0.0145631882277018
485.2992,0.0145624962617184,0.0145624962617184
537.4868,0.0145580471974857,0.0145580471974857
500.3135,0.014500876689689,0.014500876689689
660.4212,0.014472923142123,0.014472923142123
408.2977,0.0141742756111714,0.0141742756111714
646.41187,0.0140823643944166,0.0140823643944166
909.5449,0.013452418112966,0.013452418112966
641.5121,0.0134345792210072,0.0134345792210072
858.5272,0.0132118881252413,0.0132118881252413
620.39307,0.0131626292958655,0.0131626292958655
886.59595,0.0131562756246034,0.0131562756246034
443.2511,0.0130354654213342,0.0130354654213342
542.4916,0.0129679601588322,0.0129679601588322
897.4855,0.0129253027337786,0.0129253027337786
485.1992,0.012823659232864,0.012823659232864
572.19025,0.0128176698437615,0.0128176698437615
346.08054,0.0127906742656363,0.0127906742656363
319.26175,0.0127473702937811,0.0127473702937811
701.40936,0.0126407770250223,0.0126407770250223
662.44617,0.0126143926004912,0.0126143926004912
547.4714,0.0124956915849589,0.0124956915849589
342.0407,0.0124252577220866,0.0124252577220866
871.4716,0.0123594061003149,0.0123594061003149
874.4915,0.012290055060021,0.012290055060021
848.5577,0.0119586090376335,0.0119586090376335
796.585,0.0119087930104474,0.0119087930104474
602.1639,0.0118222047409672,0.0118222047409672
341.30576,0.0118081958536078,0.0118081958536078
881.75116,0.0117245825719773,0.0117245825719773
473.26974,0.0116719123659492,0.0116719123659492
849.4876,0.0115936037805191,0.0115936037805191
447.28592,0.0115892424697022,0.0115892424697022
625.5178,0.0115303671862314,0.0115303671862314
839.4631,0.0115142183594815,0.0115142183594815
538.5218,0.0115110929294732,0.0115110929294732
618.14813,0.0114785267426617,0.0114785267426617
351.96527,0.0114476098534415,0.0114476098534415
607.43365,0.0113000365446549,0.0113000365446549
769.47626,0.0112552911205652,0.0112552911205652
833.6484,0.0112318779633266,0.0112318779633266
834.5383,0.0110371484871017,0.0110371484871017
676.4555,0.010911745591156,0.010911745591156
545.4515,0.0108843774987947,0.0108843774987947
767.21136,0.0108344869387822,0.0108344869387822
798.45996,0.0107531392421157,0.0107531392421157
903.53516,0.0106286036884162,0.0106286036884162
828.5536,0.0104965181923132,0.0104965181923132
626.33276,0.0104628977852772,0.0104628977852772
474.2847,0.0104564999814925,0.0104564999814925
896.48047,0.0103908401968046,0.0103908401968046
318.98676,0.01038324794067,0.01038324794067
361.27484,0.0103504285554297,0.0103504285554297
406.1678,0.0103177145635273,0.0103177145635273
335.97098,0.0102724428138468,0.0102724428138468
485.2642,0.0101606191607383,0.0101606191607383
750.5421,0.0100497490774841,0.0100497490774841
371.31937,0.0097811698060562,0.0097811698060562
330.91122,0.0097561088251779,0.0097561088251779
397.3082,0.0096000684762635,0.0096000684762635
311.26712,0.0095427682584935,0.0095427682584935
436.18643,0.0093876364558002,0.0093876364558002
487.2791,0.0092887382886792,0.0092887382886792
621.483,0.0092448868946246,0.0092448868946246
374.16925,0.0092389662180318,0.0092389662180318
718.5386,0.0092372728465277,0.0092372728465277
561.0507,0.0091949906358562,0.0091949906358562
615.15826,0.0090716453916562,0.0090716453916562
634.4074,0.0089155411306873,0.0089155411306873
416.15234,0.008837259420517,0.008837259420517
468.28497,0.008765722458077,0.008765722458077
849.6226,0.0087196165032406,0.0087196165032406
308.16226,0.0086429628235571,0.0086429628235571
320.1617,0.0086256980299472,0.0086256980299472
340.0258,0.0086003806055916,0.0086003806055916
365.02966,0.0085933672123154,0.0085933672123154
415.28238,0.0085025549605194,0.0085025549605194
872.5566,0.008485671540232,0.008485671540232
665.381,0.0083695326904021,0.0083695326904021
345.00058,0.0082570379551792,0.0082570379551792
481.20938,0.0080911839194265,0.0080911839194265
614.3483,0.0080425348739718,0.0080425348739718
612.4534,0.0079600628388561,0.0079600628388561
380.149,0.0078088389815074,0.0078088389815074
476.3596,0.0076976159074628,0.0076976159074628
535.4719,0.0076269904367867,0.0076269904367867
370.17444,0.0075453915283818,0.0075453915283818
439.31628,0.0075154876038895,0.0075154876038895
413.26248,0.0075099773312936,0.0075099773312936
643.197,0.0075026457204515,0.0075026457204515
895.69055,0.0074337781991639,0.0074337781991639
701.50934,0.0072853209500709,0.0072853209500709
623.5029,0.0072059766982452,0.0072059766982452
363.11975,0.0072047128797811,0.0072047128797811
666.48096,0.0070637148075238,0.0070637148075238
378.28406,0.0070184943186786,0.0070184943186786
567.39044,0.0069572160305102,0.0069572160305102
384.0038,0.0068955758751884,0.0068955758751884
927.4691,0.0068460475444333,0.0068460475444333
941.48846,0.0067535645250612,0.0067535645250612
325.06647,0.0067300326633791,0.0067300326633791
565.51556,0.0067051078922962,0.0067051078922962
775.461,0.006627504199247,0.006627504199247
615.3533,0.0065753485459667,0.0065753485459667
593.5093,0.0065416803441633,0.0065416803441633
799.6699,0.0065055942868098,0.0065055942868098
409.16266,0.0060731158384464,0.0060731158384464
413.30246,0.0060221184954462,0.0060221184954462
515.34784,0.005990029112495,0.005990029112495
619.5281,0.0059717823850114,0.0059717823850114
753.482,0.005697352160625,0.005697352160625
913.6997,0.0056842523305458,0.0056842523305458
424.25696,0.0056331197360401,0.0056331197360401
751.4621,0.0053887211207728,0.0053887211207728
645.54193,0.0053770203456985,0.0053770203456985
858.5922,0.0053590196767842,0.0053590196767842
789.48035,0.0051926880945946,0.0051926880945946
324.27652,0.0051082671603762,0.0051082671603762
616.3582,0.0048361376348989,0.0048361376348989
725.4483,0.0046789789824863,0.0046789789824863
862.55707,0.0046349723404563,0.0046349723404563
560.5008,0.0046345795120859,0.0046345795120859
859.53217,0.0045901527442258,0.0045901527442258
396.18326,0.0045403468058083,0.0045403468058083
652.60156,0.0044657890518843,0.0044657890518843
390.13852,0.0044637069867451,0.0044637069867451
801.6848,0.0044294237031037,0.0044294237031037
825.6237,0.0042983317850258,0.0042983317850258
709.474,0.0042702966724772,0.0042702966724772
343.04565,0.004225676860766,0.004225676860766
620.19806,0.0040032150887217,0.0040032150887217
471.28482,0.0039705828403089,0.0039705828403089
311.05212,0.0039530820475514,0.0039530820475514
480.10944,0.0039421704385186,0.0039421704385186
503.2534,0.0038229325340404,0.0038229325340404
503.0984,0.0037532828643083,0.0037532828643083
358.00998,0.0037371629428035,0.0037371629428035
856.58234,0.0036838686763109,0.0036838686763109
350.25534,0.003632597706376,0.003632597706376
350.29532,0.0036202432441962,0.0036202432441962
467.25,0.0035793565880223,0.0035793565880223
383.08383,0.0034537028574225,0.0034537028574225
531.3421,0.0034415120320203,0.0034415120320203
548.31134,0.003361135355951,0.003361135355951
366.2896,0.003358998305677,0.003358998305677
433.33154,0.0033123732704024,0.0033123732704024
388.12363,0.0032521332886414,0.0032521332886414
875.50146,0.0032383925355211,0.0032383925355211
564.2906,0.00315872132074,0.00315872132074
329.0263,0.0030988867646878,0.0030988867646878
397.2282,0.0029713025891102,0.0029713025891102
616.1732,0.0029661248087536,0.0029661248087536
322.1416,0.0028742825556481,0.0028742825556481
629.3726,0.0028032571229404,0.0028032571229404
435.10648,0.0027838817178163,0.0027838817178163
792.56525,0.0027651489844461,0.0027651489844461
421.2721,0.0026978811455228,0.0026978811455228
519.26263,0.002624490960575,0.002624490960575
518.0627,0.0025680601648541,0.0025680601648541
631.3876,0.0025297239546076,0.0025297239546076
645.5019,0.0025051692860689,0.0025051692860689
551.3712,0.0024653080878637,0.0024653080878637
374.10925,0.0024390540578522,0.0024390540578522
729.4781,0.0024375911391234,0.0024375911391234
823.6638,0.0024237834842834,0.0024237834842834
913.4597,0.0023905153457443,0.0023905153457443
358.16998,0.002275534057917,0.002275534057917
587.4996,0.0021208941058946,0.0021208941058946
359.08994,0.0020668939136519,0.0020668939136519
319.9967,0.0020531731199153,0.0020531731199153
541.36664,0.002008195030455,0.002008195030455
737.50775,0.0019066361414411,0.0019066361414411
516.2478,0.0017898705927434,0.0017898705927434
589.5195,0.0017208993779597,0.0017208993779597
350.11035,0.00169749931581,0.00169749931581
504.28333,0.0014351608747403,0.0014351608747403
811.46436,0.0013653294321165,0.0013653294321165
398.23816,0.0013461071986178,0.0013461071986178
420.21716,0.0013313099773196,0.0013313099773196
318.13678,0.0013123435532251,0.0013123435532251
314.93695,0.0011776743196485,0.0011776743196485
429.32175,0.0010139419737103,0.0010139419737103
712.67883,0.0009585729735975,0.0009585729735975
362.2948,0.0008692970712542,0.0008692970712542
723.54333,0.0008300881699493,0.0008300881699493
813.47925,0.000818331063278,0.000818331063278
630.3776,0.000513049825292,0.000513049825292
591.16437,0.0004786177979777,0.0004786177979777
583.3847,0.0004205807442194,0.0004205807442194
617.1782,0.0003527318324152,0.0003527318324152
668.6008,0.0002994473160336,0.0002994473160336
571.4703,0.0002442748494391,0.0002442748494391
549.35626,0.0002427941101715,0.0002427941101715
303.01248,0.0002341658398396,0.0002341658398396
384.18878,0.0002095567965113,0.0002095567965113
351.2653,0.0001807287511239,0.0001807287511239
380.30396,-6.314602538334889e-05,-6.314602538334889e-05
352.12024,-7.23993166066618e-05,-7.23993166066618e-05
606.1487,-0.0001397784863768,-0.0001397784863768
336.28098,-0.0001610293545047,-0.0001610293545047
360.27988,-0.0002018130796513,-0.0002018130796513
482.32434,-0.0003897069778848,-0.0003897069778848
502.4984,-0.0006284302588192,-0.0006284302588192
604.60376,-0.0006663485470818,-0.0006663485470818
403.2029,-0.0007841937112534,-0.0007841937112534
534.36694,-0.0008350189825965,-0.0008350189825965
653.5466,-0.0008506063849861,-0.0008506063849861
591.53436,-0.0009882049596916,-0.0009882049596916
431.31165,-0.0010062694587201,-0.0010062694587201
472.38977,-0.0010098311231112,-0.0010098311231112
633.1725,-0.0010634406213348,-0.0010634406213348
369.34946,-0.0010826252730347,-0.0010826252730347
538.3968,-0.0011046732484749,-0.0011046732484749
382.28387,-0.0011281287999636,-0.0011281287999636
517.32776,-0.0013545796827724,-0.0013545796827724
310.30716,-0.0013903398727155,-0.0013903398727155
535.23694,-0.0014790494161429,-0.0014790494161429
647.4218,-0.0014977474514509,-0.0014977474514509
371.0444,-0.0015193777869413,-0.0015193777869413
506.35825,-0.0015335134228312,-0.0015335134228312
426.13687,-0.0015554310702485,-0.0015554310702485
551.2112,-0.0016529131270686,-0.0016529131270686
346.8855,-0.0017335153413293,-0.0017335153413293
497.27866,-0.0017656929674234,-0.0017656929674234
392.15344,-0.0018897658378802,-0.0018897658378802
415.22238,-0.0020432781365935,-0.0020432781365935
352.27524,-0.0020471033705109,-0.0020471033705109
874.5715,-0.0021205992522491,-0.0021205992522491
364.3097,-0.0023651325345752,-0.0023651325345752
310.17715,-0.0024502632638387,-0.0024502632638387
418.16724,-0.0025412295419447,-0.0025412295419447
423.17203,-0.0025485179407137,-0.0025485179407137
394.16833,-0.0025630536254663,-0.0025630536254663
387.01868,-0.0026242832062773,-0.0026242832062773
469.32492,-0.0026559798013883,-0.0026559798013883
598.31903,-0.0027234204274462,-0.0027234204274462
591.3594,-0.0028144174600989,-0.0028144174600989
408.1477,-0.00284206256979,-0.00284206256979
415.31738,-0.0029954817556407,-0.0029954817556407
387.24365,-0.0030239453522138,-0.0030239453522138
310.14215,-0.0030728122135203,-0.0030728122135203
809.6494,-0.0031027114635124,-0.0031027114635124
479.23447,-0.0037587403637701,-0.0037587403637701
670.6108,-0.0039871572193408,-0.0039871572193408
613.5184,-0.0040111717975593,-0.0040111717975593
521.4526,-0.0041220192943579,-0.0041220192943579
465.3901,-0.0041643221133816,-0.0041643221133816
372.09433,-0.004200972010187,-0.004200972010187
738.5127,-0.0043122211733395,-0.0043122211733395
406.35278,-0.0043704566135218,-0.0043704566135218
363.16473,-0.0043804068673549,-0.0043804068673549
645.4069,-0.0044209206105237,-0.0044209206105237
632.16254,-0.0044427905266392,-0.0044427905266392
603.1588,-0.0045237735393335,-0.0045237735393335
531.4071,-0.0045416930725962,-0.0045416930725962
686.585,-0.0046307626388225,-0.0046307626388225
398.10315,-0.0046893525904431,-0.0046893525904431
675.44556,-0.0050339822283971,-0.0050339822283971
814.4892,-0.0051060667412047,-0.0051060667412047
619.1581,-0.0053056718621508,-0.0053056718621508
382.31888,-0.0053482345899117,-0.0053482345899117
402.13797,-0.0053863621411173,-0.0053863621411173
376.12415,-0.0054101463811206,-0.0054101463811206
334.26105,-0.0055666639096023,-0.0055666639096023
590.3494,-0.0056378713758383,-0.0056378713758383
517.36273,-0.005637995628684,-0.005637995628684
649.5167,-0.0057191765557294,-0.0057191765557294
567.4305,-0.0058822108096458,-0.0058822108096458
357.07004,-0.0059565437928291,-0.0059565437928291
367.33456,-0.0061026644552874,-0.0061026644552874
496.0787,-0.0064539162530202,-0.0064539162530202
385.34375,-0.0064772576554026,-0.0064772576554026
325.28647,-0.0065132759904369,-0.0065132759904369
519.0627,-0.0066913806923739,-0.0066913806923739
346.26053,-0.0067412739380071,-0.0067412739380071
347.13046,-0.0068282651526348,-0.0068282651526348
597.4291,-0.0068669581963011,-0.0068669581963011
615.1833,-0.0070001367980094,-0.0070001367980094
379.294,-0.0070684191639247,-0.0070684191639247
300.09262,-0.0070845853951987,-0.0070845853951987
372.18933,-0.0072811915111602,-0.0072811915111602
725.1983,-0.0073161847125752,-0.0073161847125752
363.29974,-0.0073272396919351,-0.0073272396919351
631.19257,-0.0073410340749962,-0.0073410340749962
797.58997,-0.0073966340189937,-0.0073966340189937
387.32364,-0.0074260572534405,-0.0074260572534405
400.12805,-0.0075105727937467,-0.0075105727937467
314.10696,-0.007738225713094,-0.007738225713094
365.27966,-0.0084845794060164,-0.0084845794060164
740.7076,-0.0084849970989273,-0.0084849970989273
367.14456,-0.0085142820329096,-0.0085142820329096
461.0853,-0.0088685855898586,-0.0088685855898586
519.3826,-0.0088691695611429,-0.0088691695611429
764.5215,-0.0090429849125327,-0.0090429849125327
614.17334,-0.0090454582336159,-0.0090454582336159
385.10376,-0.0090974176145393,-0.0090974176145393
302.10254,-0.0091243131772441,-0.0091243131772441
533.357,-0.0093233955342197,-0.0093233955342197
402.99295,-0.0093727293662817,-0.0093727293662817
769.22626,-0.0095334087229547,-0.0095334087229547
607.3887,-0.0095634408305535,-0.0095634408305535
735.4928,-0.0095669553444424,-0.0095669553444424
535.3769,-0.0096705175822691,-0.0096705175822691
521.3975,-0.0096713180480984,-0.0096713180480984
513.33295,-0.0096783611017576,-0.0096783611017576
605.3787,-0.0099919916342527,-0.0099919916342527
424.36197,-0.0101122782366853,-0.0101122782366853
520.50757,-0.0103490915232935,-0.0103490915232935
381.31393,-0.0105808419256373,-0.0105808419256373
648.6268,-0.0107517474581614,-0.0107517474581614
404.1529,-0.0108035792715441,-0.0108035792715441
569.4054,-0.0108491246077329,-0.0108491246077329
619.39307,-0.0111959277759707,-0.0111959277759707
630.1926,-0.0112416750728543,-0.0112416750728543
348.28043,-0.0112729363898013,-0.0112729363898013
644.5969,-0.011747356853973,-0.011747356853973
365.31964,-0.011901130593831,-0.011901130593831
576.47504,-0.0119144966690276,-0.0119144966690276
655.56146,-0.0120503996920837,-0.0120503996920837
838.6281,-0.0120793140024321,-0.0120793140024321
393.09338,-0.0125396265453276,-0.0125396265453276
626.58777,-0.0126381925840801,-0.0126381925840801
368.3045,-0.0127837688321983,-0.0127837688321983
902.7652,-0.0128263325665205,-0.0128263325665205
364.2747,-0.0134262121696513,-0.0134262121696513
399.3231,-0.0134832897589897,-0.0134832897589897
383.32883,-0.0136888162673493,-0.0136888162673493
414.13742,-0.0138357061607526,-0.0138357061607526
612.6084,-0.0138645911156277,-0.0138645911156277
781.6157,-0.0140671612558387,-0.0140671612558387
326.10645,-0.0140951897356733,-0.0140951897356733
876.5864,-0.0143146113440287,-0.0143146113440287
537.39185,-0.0153186455722704,-0.0153186455722704
518.4927,-0.0154949678421483,-0.0154949678421483
590.1544,-0.0155568325802673,-0.0155568325802673
710.48395,-0.0163175262794873,-0.0163175262794873
769.5613,-0.0163317945509664,-0.0163317945509664
546.5264,-0.0172728294503123,-0.0172728294503123
663.4511,-0.0175405346362234,-0.0175405346362234
860.6121,-0.0182385785718099,-0.0182385785718099
753.587,-0.0183337055922521,-0.0183337055922521
427.38184,-0.0196488122156669,-0.0196488122156669
401.338,-0.0197178237409395,-0.0197178237409395
628.60266,-0.0222704143855399,-0.0222704143855399
694.5147,-0.0225002927348119,-0.0225002927348119
646.6119,-0.02413465127608,-0.02413465127608
602.58887,-0.0252645676464841,-0.0252645676464841
731.60297,-0.0264584916424839,-0.0264584916424839
651.5316,-0.0266737552457193,-0.0266737552457193
570.5203,-0.0279702761113842,-0.0279702761113842
576.57007,-0.0280490799237141,-0.0280490799237141
630.6176,-0.028621505059007,-0.028621505059007
548.5413,-0.040018438676062,-0.040018438676062
