,control_04,max
383.32877,18953.0,18953.0
365.31464,18918.0,18918.0
350.29535,18773.0,18773.0
798.534,18682.0,18682.0
760.5808,18606.0,18606.0
368.3045,18344.0,18344.0
799.53894,18297.0,18297.0
384.33374,18241.0,18241.0
577.5145,18229.0,18229.0
364.3097,18208.0,18208.0
761.58575,18205.0,18205.0
367.28955,18048.0,18048.0
351.3003,18035.0,18035.0
826.5677,17913.0,17913.0
824.5528,17769.0,17769.0
382.31882,17761.0,17761.0
381.30887,17756.0,17756.0
788.6095,17733.0,17733.0
782.56476,17621.0,17621.0
366.28958,17599.0,17599.0
380.30392,17542.0,17542.0
739.4618,17520.0,17520.0
786.5946,17449.0,17449.0
774.59515,17374.0,17374.0
348.27545,17370.0,17370.0
349.2854,17328.0,17328.0
746.56647,17318.0,17318.0
752.5512,17255.0,17255.0
800.5439,17082.0,17082.0
366.3246,17050.0,17050.0
784.51965,17015.0,17015.0
783.5647,16976.0,16976.0
768.5504,16972.0,16972.0
770.5054,16875.0,16875.0
723.4876,16867.0,16867.0
825.55273,16810.0,16810.0
796.5191,16662.0,16662.0
827.5676,16643.0,16643.0
787.59955,16478.0,16478.0
732.5471,16429.0,16429.0
789.61444,16262.0,16262.0
808.57855,16253.0,16253.0
754.5311,16225.0,16225.0
578.5195,16134.0,16134.0
369.30444,16071.0,16071.0
515.3475,16033.0,16033.0
740.4668,16030.0,16030.0
762.5907,16029.0,16029.0
794.5042,16025.0,16025.0
758.5659,15992.0,15992.0
812.54333,15941.0,15941.0
399.323,15903.0,15903.0
784.57465,15826.0,15826.0
363.2997,15812.0,15812.0
780.54486,15785.0,15785.0
797.52405,15589.0,15589.0
822.53284,15425.0,15425.0
820.51794,15298.0,15298.0
775.6001,15259.0,15259.0
767.4905,15223.0,15223.0
809.5835,15178.0,15178.0
765.4756,14993.0,14993.0
810.53345,14905.0,14905.0
796.5791,14760.0,14760.0
753.55615,14719.0,14719.0
724.49255,14635.0,14635.0
605.5432,14633.0,14633.0
603.5283,14479.0,14479.0
785.5246,14460.0,14460.0
828.5726,14418.0,14418.0
747.5664,14408.0,14408.0
790.5144,14389.0,14389.0
575.49963,14297.0,14297.0
759.56586,14267.0,14267.0
751.52124,14166.0,14166.0
781.5498,14110.0,14110.0
821.5229,14099.0,14099.0
398.31305,14095.0,14095.0
415.31726,14063.0,14063.0
801.5439,14058.0,14058.0
768.4954,14033.0,14033.0
397.3081,14029.0,14029.0
771.5053,14010.0,14010.0
813.5483,14005.0,14005.0
806.5036,13992.0,13992.0
804.5437,13985.0,13985.0
496.33838,13924.0,13924.0
591.5289,13895.0,13895.0
810.59344,13871.0,13871.0
352.30524,13835.0,13835.0
749.50134,13797.0,13797.0
579.5294,13774.0,13774.0
531.34174,13602.0,13602.0
823.53784,13545.0,13545.0
733.5521,13473.0,13473.0
379.29398,13456.0,13456.0
737.4469,13445.0,13445.0
766.4805,13428.0,13428.0
811.5384,13367.0,13367.0
750.5363,13359.0,13359.0
785.57965,13334.0,13334.0
606.54816,13271.0,13271.0
772.58026,13239.0,13239.0
834.5323,13217.0,13217.0
339.29086,13166.0,13166.0
741.47174,13112.0,13112.0
814.5532,13047.0,13047.0
604.53326,13022.0,13022.0
382.2838,12875.0,12875.0
534.3666,12827.0,12827.0
795.50916,12802.0,12802.0
362.28976,12753.0,12753.0
576.5046,12556.0,12556.0
611.5329,12507.0,12507.0
549.48584,12349.0,12349.0
761.4458,12342.0,12342.0
352.27026,12329.0,12329.0
367.32953,12273.0,12273.0
532.3467,12268.0,12268.0
516.3524,12130.0,12130.0
752.5212,12107.0,12107.0
778.52997,12003.0,12003.0
365.27963,11983.0,11983.0
325.28653,11970.0,11970.0
534.29156,11962.0,11962.0
773.5852,11925.0,11925.0
753.47614,11907.0,11907.0
563.5002,11805.0,11805.0
533.3566,11762.0,11762.0
562.32526,11698.0,11698.0
811.5984,11673.0,11673.0
786.5296,11619.0,11619.0
763.4607,11608.0,11608.0
790.6194,11594.0,11594.0
569.4049,11533.0,11533.0
524.36707,11409.0,11409.0
805.54865,11376.0,11376.0
364.26968,11198.0,11198.0
721.47266,10941.0,10941.0
874.7254,10917.0,10917.0
902.75903,10891.0,10891.0
663.45044,10784.0,10784.0
613.5128,10775.0,10775.0
504.34302,10773.0,10773.0
338.29092,10765.0,10765.0
599.4985,10759.0,10759.0
400.32797,10682.0,10682.0
755.5361,10653.0,10653.0
601.51337,10638.0,10638.0
518.3173,10459.0,10459.0
812.50836,10394.0,10394.0
846.53674,10268.0,10268.0
808.51355,10060.0,10060.0
535.3715,10022.0,10022.0
497.33835,10011.0,10011.0
725.4425,9992.0,9992.0
589.514,9961.0,9961.0
807.5086,9828.0,9828.0
740.5168,9787.0,9787.0
711.42816,9734.0,9734.0
782.50476,9505.0,9505.0
647.4162,9439.0,9439.0
769.49536,9303.0,9303.0
510.35272,9224.0,9224.0
829.5725,9199.0,9199.0
847.5367,9124.0,9124.0
662.4405,9053.0,9053.0
514.3375,9029.0,9029.0
848.55164,8895.0,8895.0
845.66675,8827.0,8827.0
627.53217,8786.0,8786.0
750.5063,8739.0,8739.0
592.5338,8653.0,8653.0
385.3437,8583.0,8583.0
664.4504,8529.0,8529.0
737.5019,8523.0,8523.0
835.53723,8438.0,8438.0
546.351,8437.0,8437.0
738.44684,8381.0,8381.0
351.2653,8373.0,8373.0
548.3059,8086.0,8086.0
335.26605,7996.0,7996.0
525.372,7855.0,7855.0
725.5025,7826.0,7826.0
849.5566,7806.0,7806.0
747.48645,7652.0,7652.0
563.3252,7612.0,7612.0
818.56305,7513.0,7513.0
323.26663,7484.0,7484.0
342.01575,7449.0,7449.0
875.49536,7371.0,7371.0
530.3318,7332.0,7332.0
802.5488,7293.0,7293.0
396.29816,7278.0,7278.0
735.427,7203.0,7203.0
517.36237,7150.0,7150.0
326.2915,7099.0,7099.0
844.4618,7062.0,7062.0
474.28445,7059.0,7059.0
353.2752,7057.0,7057.0
617.1776,7032.0,7032.0
413.30234,7023.0,7023.0
324.27658,6980.0,6980.0
616.17267,6955.0,6955.0
766.5355,6917.0,6917.0
903.529,6803.0,6803.0
513.3326,6798.0,6798.0
313.2721,6778.0,6778.0
358.00998,6769.0,6769.0
549.3509,6586.0,6586.0
476.35934,6293.0,6293.0
416.3222,6289.0,6289.0
767.2105,6138.0,6138.0
383.2888,5910.0,5910.0
336.276,5794.0,5794.0
745.47156,5419.0,5419.0
522.3522,5270.0,5270.0
753.5261,5236.0,5236.0
763.59564,5099.0,5099.0
809.5185,5068.0,5068.0
551.3658,5035.0,5035.0
789.47943,4998.0,4998.0
730.5322,4974.0,4974.0
768.21545,4880.0,4880.0
812.60333,4844.0,4844.0
535.2965,4798.0,4798.0
730.57227,4786.0,4786.0
754.4811,4718.0,4718.0
340.28082,4620.0,4620.0
828.50757,4582.0,4582.0
648.42114,4560.0,4560.0
722.4776,4524.0,4524.0
918.2433,4515.0,4515.0
395.2932,4502.0,4502.0
343.0157,4497.0,4497.0
472.38452,4485.0,4485.0
544.1561,4281.0,4281.0
607.3881,4270.0,4270.0
764.46564,4258.0,4258.0
863.6809,4252.0,4252.0
538.39636,4243.0,4243.0
350.25534,4197.0,4197.0
607.5581,4195.0,4195.0
794.5692,4195.0,4195.0
618.1826,4088.0,4088.0
628.5321,4078.0,4078.0
311.2672,4078.0,4078.0
832.5774,3985.0,3985.0
766.20056,3936.0,3936.0
468.28473,3931.0,3931.0
318.10687,3807.0,3807.0
792.4893,3742.0,3742.0
802.5888,3738.0,3738.0
359.01492,3722.0,3722.0
751.45624,3683.0,3683.0
846.6717,3668.0,3668.0
830.5575,3657.0,3657.0
548.34595,3620.0,3620.0
779.5399,3612.0,3612.0
816.5682,3599.0,3599.0
815.55817,3476.0,3476.0
837.5422,3459.0,3459.0
919.25323,3445.0,3445.0
496.1384,3397.0,3397.0
718.53284,3383.0,3383.0
484.13898,3256.0,3256.0
814.4882,3249.0,3249.0
529.32684,3213.0,3213.0
871.4655,3210.0,3210.0
838.5521,3199.0,3199.0
498.1283,3187.0,3187.0
497.15335,3177.0,3177.0
360.0199,3168.0,3168.0
602.5183,3163.0,3163.0
567.39,3159.0,3159.0
343.0457,3147.0,3147.0
565.5151,3093.0,3093.0
590.15393,3091.0,3091.0
557.1405,3046.0,3046.0
917.23834,3023.0,3023.0
818.50305,3021.0,3021.0
665.4553,2999.0,2999.0
600.5034,2996.0,2996.0
590.5189,2982.0,2982.0
797.58405,2965.0,2965.0
558.14545,2965.0,2965.0
769.2204,2928.0,2928.0
806.55865,2902.0,2902.0
851.6365,2899.0,2899.0
572.1598,2883.0,2883.0
570.16986,2868.0,2868.0
475.2894,2864.0,2864.0
487.27383,2854.0,2854.0
762.45074,2850.0,2850.0
796.6291,2840.0,2840.0
421.26697,2801.0,2801.0
840.567,2778.0,2778.0
356.01508,2747.0,2747.0
852.54645,2719.0,2719.0
547.34094,2710.0,2710.0
482.12906,2650.0,2650.0
521.3922,2597.0,2597.0
551.3258,2573.0,2573.0
419.25208,2558.0,2558.0
340.02084,2556.0,2556.0
603.1583,2552.0,2552.0
836.5372,2537.0,2537.0
913.45355,2468.0,2468.0
556.1605,2458.0,2458.0
480.10916,2455.0,2455.0
608.38806,2444.0,2444.0
619.18756,2443.0,2443.0
591.1589,2416.0,2416.0
337.28098,2408.0,2408.0
573.16974,2391.0,2391.0
615.1727,2359.0,2359.0
481.1241,2332.0,2332.0
495.13846,2332.0,2332.0
369.34943,2330.0,2330.0
510.15274,2314.0,2314.0
403.1978,2312.0,2312.0
791.6243,2302.0,2302.0
815.4882,2282.0,2282.0
486.15387,2280.0,2280.0
511.1677,2253.0,2253.0
483.139,2237.0,2237.0
334.2611,2237.0,2237.0
470.12964,2230.0,2230.0
485.15393,2226.0,2226.0
695.9939,2223.0,2223.0
818.5881,2219.0,2219.0
647.99615,2218.0,2218.0
575.9946,2215.0,2215.0
599.99347,2210.0,2210.0
503.27808,2198.0,2198.0
571.15485,2193.0,2193.0
551.9957,2188.0,2188.0
631.38696,2184.0,2184.0
672.995,2182.0,2182.0
527.9969,2174.0,2174.0
623.9923,2168.0,2168.0
897.4793,2164.0,2164.0
441.23602,2163.0,2163.0
602.1584,2162.0,2162.0
767.9955,2156.0,2156.0
671.99506,2146.0,2146.0
503.99304,2136.0,2136.0
600.9984,2131.0,2131.0
791.9943,2127.0,2127.0
414.3073,2121.0,2121.0
424.25684,2115.0,2115.0
614.1728,2110.0,2110.0
719.99274,2104.0,2104.0
723.2076,2102.0,2102.0
839.992,2084.0,2084.0
725.1975,2071.0,2071.0
720.9977,2061.0,2061.0
815.99316,2061.0,2061.0
494.1235,2056.0,2056.0
493.11356,2048.0,2048.0
591.3539,2044.0,2044.0
468.11475,2026.0,2026.0
618.1476,2023.0,2023.0
655.1458,2012.0,2012.0
528.9968,2010.0,2010.0
479.99417,2004.0,2004.0
574.1697,1976.0,1976.0
455.9953,1968.0,1968.0
384.29874,1963.0,1963.0
392.14835,1945.0,1945.0
941.4822,1944.0,1944.0
368.33948,1931.0,1931.0
347.2655,1922.0,1922.0
790.5544,1918.0,1918.0
559.1554,1911.0,1911.0
695.4589,1909.0,1909.0
512.14264,1908.0,1908.0
372.0943,1905.0,1905.0
573.48474,1900.0,1900.0
724.5225,1899.0,1899.0
850.5615,1891.0,1891.0
466.08984,1888.0,1888.0
619.1525,1880.0,1880.0
308.12735,1857.0,1857.0
849.48157,1839.0,1839.0
370.3494,1835.0,1835.0
317.00693,1825.0,1825.0
646.41125,1823.0,1823.0
743.5366,1816.0,1816.0
709.47327,1804.0,1804.0
633.1719,1802.0,1802.0
400.123,1801.0,1801.0
702.5386,1791.0,1791.0
632.1619,1790.0,1790.0
620.1925,1786.0,1786.0
742.4717,1784.0,1784.0
374.10922,1779.0,1779.0
469.0897,1765.0,1765.0
631.19196,1755.0,1755.0
458.16022,1754.0,1754.0
478.08926,1743.0,1743.0
342.12573,1739.0,1739.0
741.1917,1736.0,1736.0
724.2125,1733.0,1733.0
625.51227,1730.0,1730.0
472.14453,1722.0,1722.0
378.28403,1693.0,1693.0
467.10977,1690.0,1690.0
482.31906,1683.0,1683.0
546.146,1673.0,1673.0
649.4261,1665.0,1665.0
328.1114,1660.0,1660.0
500.1382,1657.0,1657.0
366.13458,1651.0,1651.0
790.2144,1649.0,1649.0
371.35934,1649.0,1649.0
387.1186,1639.0,1639.0
491.09863,1639.0,1639.0
580.53436,1636.0,1636.0
406.1327,1633.0,1633.0
398.10306,1626.0,1626.0
354.28516,1622.0,1622.0
784.2097,1617.0,1617.0
479.0992,1613.0,1613.0
871.68555,1606.0,1606.0
383.0838,1604.0,1604.0
473.3895,1602.0,1602.0
833.52234,1595.0,1595.0
465.08487,1591.0,1591.0
634.1768,1585.0,1585.0
492.1036,1579.0,1579.0
320.16177,1578.0,1578.0
545.1711,1565.0,1565.0
445.26584,1554.0,1554.0
469.28967,1550.0,1550.0
378.13403,1542.0,1542.0
499.13327,1542.0,1542.0
414.1323,1535.0,1535.0
604.16327,1535.0,1535.0
513.1526,1525.0,1525.0
456.1153,1523.0,1523.0
828.43756,1512.0,1512.0
388.12354,1506.0,1506.0
722.1926,1499.0,1499.0
426.13174,1486.0,1486.0
726.50745,1481.0,1481.0
630.182,1472.0,1472.0
526.18195,1461.0,1461.0
389.13348,1458.0,1458.0
775.4601,1455.0,1455.0
440.13608,1454.0,1454.0
442.136,1440.0,1440.0
738.51184,1437.0,1437.0
735.487,1434.0,1434.0
543.1612,1432.0,1432.0
833.58234,1427.0,1427.0
380.14893,1421.0,1421.0
439.1361,1414.0,1414.0
508.13782,1404.0,1404.0
386.10864,1402.0,1402.0
701.4036,1400.0,1400.0
360.09488,1399.0,1399.0
820.59796,1390.0,1390.0
517.3274,1376.0,1376.0
656.1808,1374.0,1374.0
308.15735,1373.0,1373.0
829.49255,1368.0,1368.0
385.1037,1365.0,1365.0
555.1606,1363.0,1363.0
614.51776,1360.0,1360.0
530.1468,1360.0,1360.0
550.35583,1359.0,1359.0
300.02774,1359.0,1359.0
506.12292,1355.0,1355.0
514.15753,1345.0,1345.0
334.1411,1331.0,1331.0
685.4244,1328.0,1328.0
770.22534,1322.0,1322.0
620.1575,1315.0,1315.0
740.18176,1315.0,1315.0
362.10977,1312.0,1312.0
512.2426,1312.0,1312.0
807.2036,1307.0,1307.0
359.08493,1303.0,1303.0
632.3919,1295.0,1295.0
390.13846,1292.0,1292.0
655.17584,1292.0,1292.0
314.04208,1289.0,1289.0
612.54285,1288.0,1288.0
430.37653,1277.0,1277.0
444.18088,1275.0,1275.0
302.10263,1275.0,1275.0
531.15674,1274.0,1274.0
802.6338,1273.0,1273.0
416.14722,1273.0,1273.0
368.1445,1273.0,1273.0
537.3864,1269.0,1269.0
406.1627,1258.0,1258.0
726.20245,1255.0,1255.0
458.1252,1245.0,1245.0
564.28015,1237.0,1237.0
338.13593,1235.0,1235.0
807.5636,1235.0,1235.0
545.14105,1235.0,1235.0
344.14062,1234.0,1234.0
394.16327,1233.0,1233.0
354.13016,1233.0,1233.0
635.18677,1229.0,1229.0
542.1512,1223.0,1223.0
361.2748,1223.0,1223.0
318.13187,1215.0,1215.0
756.486,1213.0,1213.0
566.28503,1212.0,1212.0
504.278,1210.0,1210.0
348.09546,1209.0,1209.0
607.15314,1207.0,1207.0
376.1241,1201.0,1201.0
471.1396,1200.0,1200.0
356.14508,1199.0,1199.0
753.5812,1198.0,1198.0
456.1803,1196.0,1196.0
352.12027,1196.0,1196.0
830.52747,1194.0,1194.0
408.14758,1194.0,1194.0
447.28574,1193.0,1193.0
741.52673,1193.0,1193.0
310.13727,1190.0,1190.0
316.02197,1185.0,1185.0
305.1025,1183.0,1183.0
423.35687,1180.0,1180.0
626.5172,1178.0,1178.0
612.4479,1177.0,1177.0
432.14645,1176.0,1176.0
454.1754,1174.0,1174.0
599.1835,1172.0,1172.0
384.17874,1171.0,1171.0
394.13327,1170.0,1170.0
469.1247,1169.0,1169.0
767.54047,1166.0,1166.0
701.5086,1159.0,1159.0
396.17816,1151.0,1151.0
468.14975,1151.0,1151.0
705.58344,1150.0,1150.0
817.5731,1145.0,1145.0
721.1877,1143.0,1143.0
378.169,1143.0,1143.0
626.3322,1141.0,1141.0
312.15717,1140.0,1140.0
460.1751,1140.0,1140.0
448.1807,1139.0,1139.0
506.25793,1138.0,1138.0
384.13873,1136.0,1136.0
357.06503,1133.0,1133.0
413.26236,1133.0,1133.0
428.14664,1130.0,1130.0
753.19116,1129.0,1129.0
418.1621,1127.0,1127.0
471.10458,1127.0,1127.0
850.4915,1125.0,1125.0
306.11246,1122.0,1122.0
525.257,1117.0,1117.0
350.13535,1117.0,1117.0
448.2157,1115.0,1115.0
524.16705,1114.0,1114.0
887.43976,1111.0,1111.0
851.56146,1111.0,1111.0
326.1365,1111.0,1111.0
778.47,1111.0,1111.0
376.1541,1110.0,1110.0
352.15027,1108.0,1108.0
332.12622,1107.0,1107.0
326.1065,1104.0,1104.0
420.182,1104.0,1104.0
819.568,1101.0,1101.0
358.11496,1100.0,1100.0
791.19934,1100.0,1100.0
434.16135,1094.0,1094.0
436.18124,1093.0,1093.0
382.16382,1093.0,1093.0
422.20193,1089.0,1089.0
312.12216,1086.0,1086.0
381.15887,1083.0,1083.0
336.156,1082.0,1082.0
300.09274,1081.0,1081.0
393.1683,1078.0,1078.0
436.14127,1071.0,1071.0
639.1466,1064.0,1064.0
478.32425,1063.0,1063.0
831.56244,1057.0,1057.0
327.11646,1053.0,1053.0
605.1732,1053.0,1053.0
446.1608,1052.0,1052.0
765.2106,1052.0,1052.0
875.22534,1048.0,1048.0
466.26483,1048.0,1048.0
370.1594,1046.0,1046.0
446.19577,1044.0,1044.0
708.2033,1042.0,1042.0
367.14453,1042.0,1042.0
364.1247,1041.0,1041.0
450.1506,1041.0,1041.0
468.20975,1041.0,1041.0
347.1255,1040.0,1040.0
509.15778,1039.0,1039.0
302.13263,1038.0,1038.0
434.20135,1038.0,1038.0
866.58075,1036.0,1036.0
632.1969,1036.0,1036.0
450.1956,1035.0,1035.0
488.1688,1034.0,1034.0
412.2174,1034.0,1034.0
314.13208,1033.0,1033.0
324.1916,1032.0,1032.0
318.04688,1030.0,1030.0
473.2645,1030.0,1030.0
396.14316,1030.0,1030.0
377.13406,1030.0,1030.0
496.2134,1028.0,1028.0
442.10098,1024.0,1024.0
795.57416,1019.0,1019.0
358.21497,1018.0,1018.0
379.149,1018.0,1018.0
536.2415,1018.0,1018.0
420.14703,1018.0,1018.0
348.16046,1017.0,1017.0
629.16205,1015.0,1015.0
408.1826,1015.0,1015.0
382.12885,1014.0,1014.0
372.1893,1013.0,1013.0
482.16406,1011.0,1011.0
507.13287,1009.0,1009.0
480.19415,1006.0,1006.0
494.2935,1004.0,1004.0
424.17682,1004.0,1004.0
436.21625,1003.0,1003.0
783.5097,1003.0,1003.0
417.16718,1002.0,1002.0
362.14478,1000.0,1000.0
442.20096,998.0,998.0
364.1897,998.0,998.0
422.16193,998.0,998.0
356.19006,997.0,997.0
499.17325,995.0,995.0
478.18427,995.0,995.0
404.1478,994.0,994.0
412.1824,992.0,992.0
324.12158,991.0,991.0
402.16287,991.0,991.0
458.2052,991.0,991.0
506.22794,991.0,991.0
407.07764,991.0,991.0
560.16034,990.0,990.0
376.18912,990.0,990.0
402.13788,987.0,987.0
343.1557,986.0,986.0
470.19464,986.0,986.0
352.19525,985.0,985.0
410.1625,985.0,985.0
357.17502,984.0,984.0
859.5261,984.0,984.0
363.16473,983.0,983.0
391.1484,981.0,981.0
484.21396,981.0,981.0
340.15082,980.0,980.0
456.14032,978.0,978.0
464.16992,977.0,977.0
398.19806,977.0,977.0
550.48584,976.0,976.0
452.1705,974.0,974.0
354.21017,974.0,974.0
452.21548,974.0,974.0
341.1208,973.0,973.0
782.19476,973.0,973.0
665.37537,973.0,973.0
403.14783,972.0,972.0
472.21454,972.0,972.0
326.17648,972.0,972.0
430.16653,972.0,972.0
328.1464,972.0,972.0
374.1542,972.0,972.0
484.179,970.0,970.0
392.11835,968.0,968.0
330.1663,967.0,967.0
486.19388,967.0,967.0
748.4914,965.0,965.0
410.1925,964.0,964.0
539.40137,962.0,962.0
466.19482,961.0,961.0
564.5001,956.0,956.0
462.16003,955.0,955.0
350.17535,954.0,954.0
569.1749,953.0,953.0
346.11554,953.0,953.0
464.21494,952.0,952.0
474.19446,951.0,951.0
345.1456,951.0,951.0
440.21606,951.0,951.0
386.20865,951.0,951.0
608.1631,950.0,950.0
462.2,950.0,950.0
344.12564,950.0,950.0
888.4497,949.0,949.0
405.16272,949.0,949.0
322.1117,949.0,949.0
438.20117,948.0,948.0
333.14615,948.0,948.0
395.1832,948.0,948.0
428.18164,948.0,948.0
307.13242,947.0,947.0
370.1044,946.0,946.0
392.18835,946.0,946.0
419.18207,944.0,944.0
300.15274,944.0,944.0
435.1763,943.0,943.0
482.20908,942.0,942.0
398.15808,942.0,942.0
366.1696,940.0,940.0
502.1881,940.0,940.0
360.18988,938.0,938.0
508.20782,938.0,938.0
317.1469,937.0,937.0
418.1321,937.0,937.0
467.18478,936.0,936.0
494.2285,936.0,936.0
528.2419,936.0,936.0
404.18777,935.0,935.0
472.17953,935.0,935.0
344.05066,934.0,934.0
415.15225,934.0,934.0
746.4765,932.0,932.0
414.1623,931.0,931.0
776.5201,930.0,930.0
492.1636,930.0,930.0
451.13556,930.0,930.0
421.162,929.0,929.0
488.21378,929.0,929.0
360.12988,929.0,929.0
540.1713,929.0,929.0
486.2339,929.0,929.0
364.1547,927.0,927.0
365.13464,921.0,921.0
358.08,921.0,921.0
383.18878,921.0,921.0
492.2086,921.0,921.0
346.08054,920.0,920.0
337.14096,919.0,919.0
342.10074,917.0,917.0
362.17477,917.0,917.0
432.18646,916.0,916.0
480.24417,916.0,916.0
309.1473,916.0,916.0
346.21054,914.0,914.0
424.14185,914.0,914.0
402.20288,914.0,914.0
726.44244,913.0,913.0
424.21182,911.0,911.0
334.17612,909.0,909.0
495.26346,909.0,909.0
502.22812,904.0,904.0
496.2684,904.0,904.0
425.19177,903.0,903.0
438.15616,903.0,903.0
416.18222,902.0,902.0
388.14856,901.0,901.0
800.2039,900.0,900.0
340.19583,899.0,899.0
437.2012,898.0,898.0
459.17517,898.0,898.0
948.56683,897.0,897.0
565.2801,896.0,896.0
394.20825,895.0,895.0
490.1887,895.0,895.0
474.22946,895.0,895.0
321.14673,894.0,894.0
498.2683,893.0,893.0
748.57635,892.0,892.0
519.2323,892.0,892.0
433.1964,892.0,892.0
493.21854,891.0,891.0
457.16025,891.0,891.0
490.23367,891.0,891.0
548.27094,891.0,891.0
790.4794,890.0,890.0
464.2499,890.0,890.0
438.22617,890.0,890.0
413.20236,890.0,890.0
506.14792,889.0,889.0
426.20172,889.0,889.0
504.10303,888.0,888.0
788.4945,888.0,888.0
588.15405,888.0,888.0
441.09604,887.0,887.0
476.17435,886.0,886.0
401.13293,885.0,885.0
606.1482,883.0,883.0
378.204,883.0,883.0
710.19324,883.0,883.0
400.21796,882.0,882.0
340.11584,882.0,882.0
423.17188,882.0,882.0
370.2094,881.0,881.0
419.22208,880.0,880.0
546.216,880.0,880.0
323.16663,879.0,879.0
470.23465,873.0,873.0
478.22925,872.0,872.0
447.17572,872.0,872.0
374.2092,871.0,871.0
510.19275,870.0,870.0
516.24243,869.0,869.0
456.2153,869.0,869.0
500.2132,866.0,866.0
460.22012,866.0,866.0
598.24854,865.0,865.0
356.11008,865.0,865.0
407.18265,864.0,864.0
574.2497,864.0,864.0
450.2356,863.0,863.0
430.20154,863.0,863.0
342.16574,862.0,862.0
351.1553,862.0,862.0
479.22922,862.0,862.0
683.38947,861.0,861.0
339.1609,860.0,860.0
731.5722,860.0,860.0
386.13864,860.0,860.0
426.23172,859.0,859.0
397.1881,859.0,859.0
791.4843,859.0,859.0
388.22354,858.0,858.0
390.20844,858.0,858.0
445.20084,858.0,858.0
396.22318,857.0,857.0
353.1402,853.0,853.0
473.2295,853.0,853.0
465.2299,853.0,853.0
433.1614,853.0,853.0
507.23788,853.0,853.0
444.2209,853.0,853.0
455.18536,851.0,851.0
451.20554,851.0,851.0
373.14426,851.0,851.0
852.6364,850.0,850.0
835.66223,849.0,849.0
355.1401,849.0,849.0
444.15088,848.0,848.0
457.09027,848.0,848.0
408.2226,846.0,846.0
592.1638,846.0,846.0
454.2304,845.0,845.0
328.1914,845.0,845.0
335.16107,845.0,845.0
498.2283,844.0,844.0
314.10706,844.0,844.0
302.17264,844.0,844.0
429.1666,844.0,844.0
742.5317,843.0,843.0
447.21573,843.0,843.0
516.1675,843.0,843.0
503.24808,843.0,843.0
396.08316,843.0,843.0
406.2027,842.0,842.0
720.5477,842.0,842.0
341.17578,841.0,841.0
469.19467,840.0,840.0
564.2402,839.0,839.0
512.20764,839.0,839.0
305.1425,838.0,838.0
336.126,837.0,837.0
544.2011,837.0,837.0
312.18716,837.0,837.0
470.15964,836.0,836.0
414.2023,835.0,835.0
350.11035,834.0,834.0
558.22546,833.0,833.0
514.25757,832.0,832.0
621.1724,831.0,831.0
600.26843,831.0,831.0
466.23483,829.0,829.0
348.20044,829.0,829.0
653.16095,828.0,828.0
445.16083,828.0,828.0
361.13983,828.0,828.0
357.135,826.0,826.0
411.18243,826.0,826.0
421.20197,826.0,826.0
534.2166,825.0,825.0
418.23712,825.0,825.0
347.1655,825.0,825.0
390.16846,824.0,824.0
514.22754,823.0,823.0
654.3459,823.0,823.0
349.1404,823.0,823.0
520.2123,822.0,822.0
462.23,822.0,822.0
460.25012,821.0,821.0
630.377,821.0,821.0
416.0822,821.0,821.0
511.23767,821.0,821.0
542.1812,820.0,820.0
450.2706,818.0,818.0
409.15753,818.0,818.0
510.22772,818.0,818.0
785.21466,817.0,817.0
754.1961,816.0,816.0
497.27335,815.0,815.0
523.2621,815.0,815.0
369.17444,814.0,814.0
329.12137,812.0,812.0
454.1204,812.0,812.0
431.14648,811.0,811.0
311.12222,811.0,811.0
731.6022,810.0,810.0
588.26904,810.0,810.0
353.1752,809.0,809.0
430.13654,809.0,809.0
399.118,809.0,809.0
832.5224,808.0,808.0
719.45776,808.0,808.0
465.15488,807.0,807.0
435.2163,807.0,807.0
446.23578,807.0,807.0
369.12445,807.0,807.0
414.2323,806.0,806.0
528.1719,804.0,804.0
368.1695,803.0,803.0
482.26407,803.0,803.0
476.24936,800.0,800.0
547.23096,800.0,800.0
521.2472,799.0,799.0
313.14212,798.0,798.0
413.12735,798.0,798.0
498.18332,798.0,798.0
496.1734,797.0,797.0
327.15646,797.0,797.0
372.2243,797.0,797.0
797.63403,796.0,796.0
572.2348,795.0,795.0
495.20844,794.0,794.0
395.14322,794.0,794.0
804.6037,793.0,793.0
439.21112,793.0,793.0
441.20602,793.0,793.0
557.2155,792.0,792.0
836.6622,792.0,792.0
845.4618,791.0,791.0
518.1824,789.0,789.0
570.2499,789.0,789.0
612.2679,788.0,788.0
479.1892,788.0,788.0
535.2366,788.0,788.0
562.25525,788.0,788.0
418.20212,788.0,788.0
337.18097,787.0,787.0
380.1939,787.0,787.0
587.26404,787.0,787.0
736.43195,787.0,787.0
359.1599,786.0,786.0
451.28055,786.0,786.0
375.15915,786.0,786.0
437.1512,785.0,785.0
626.2822,785.0,785.0
472.25455,785.0,785.0
399.18802,785.0,785.0
530.18677,784.0,784.0
422.09692,784.0,784.0
303.1076,784.0,784.0
440.24606,784.0,784.0
531.1267,783.0,783.0
516.20746,782.0,782.0
391.1934,782.0,782.0
682.4545,781.0,781.0
383.1338,781.0,781.0
439.0711,780.0,780.0
485.26392,779.0,779.0
452.1405,778.0,778.0
494.2635,778.0,778.0
501.33316,777.0,777.0
524.24207,776.0,776.0
586.2541,776.0,776.0
487.21384,775.0,775.0
461.22507,775.0,775.0
613.47784,775.0,775.0
461.19507,774.0,774.0
478.26425,774.0,774.0
596.2686,774.0,774.0
497.22836,772.0,772.0
634.3118,772.0,772.0
374.13922,771.0,771.0
349.1754,771.0,771.0
365.17465,770.0,770.0
519.2623,770.0,770.0
744.5466,768.0,768.0
471.2146,768.0,768.0
407.14264,768.0,768.0
367.18954,768.0,768.0
423.21188,767.0,767.0
628.2971,767.0,767.0
550.1558,767.0,767.0
518.22736,767.0,767.0
522.25714,765.0,765.0
401.20792,764.0,764.0
483.21402,763.0,763.0
363.11975,762.0,762.0
401.17792,762.0,762.0
412.1124,759.0,759.0
618.2826,758.0,758.0
339.11588,758.0,758.0
416.2222,757.0,757.0
680.32965,755.0,755.0
504.16803,754.0,754.0
449.19064,754.0,754.0
521.1972,753.0,753.0
517.1824,753.0,753.0
351.1203,752.0,752.0
476.13934,752.0,752.0
477.2243,751.0,751.0
481.25912,750.0,750.0
518.2623,750.0,750.0
467.14478,748.0,748.0
386.17365,748.0,748.0
531.2017,748.0,748.0
456.2503,747.0,747.0
373.10425,746.0,746.0
389.1785,746.0,746.0
542.2562,746.0,746.0
301.1377,746.0,746.0
480.13416,745.0,745.0
578.2545,745.0,745.0
474.15945,743.0,743.0
492.35358,743.0,743.0
399.15802,743.0,743.0
385.1587,741.0,741.0
582.2493,741.0,741.0
549.24585,741.0,741.0
515.2375,740.0,740.0
594.2537,739.0,739.0
608.2731,739.0,739.0
653.1959,739.0,739.0
592.2738,739.0,739.0
432.22144,739.0,739.0
463.21497,738.0,738.0
550.2258,738.0,738.0
453.17545,738.0,738.0
319.13184,738.0,738.0
554.22064,737.0,737.0
610.178,737.0,737.0
489.23373,736.0,736.0
485.1989,735.0,735.0
616.29767,735.0,735.0
585.24915,734.0,734.0
455.21036,734.0,734.0
363.19473,734.0,734.0
310.17227,734.0,734.0
443.22092,734.0,734.0
322.2617,734.0,734.0
574.2897,734.0,734.0
488.24377,733.0,733.0
304.18753,733.0,733.0
345.1806,731.0,731.0
384.11374,730.0,730.0
323.12665,729.0,729.0
310.11227,729.0,729.0
532.20166,729.0,729.0
791.5543,729.0,729.0
524.2071,728.0,728.0
471.1796,728.0,728.0
473.1945,727.0,727.0
800.6139,726.0,726.0
392.22336,725.0,725.0
315.19702,725.0,725.0
543.2662,725.0,725.0
500.2432,724.0,724.0
576.2696,724.0,724.0
459.24515,723.0,723.0
662.2055,723.0,723.0
344.19565,722.0,722.0
548.15594,721.0,721.0
694.194,721.0,721.0
410.2375,719.0,719.0
431.1915,719.0,719.0
443.18094,719.0,719.0
672.32,714.0,714.0
311.1672,714.0,714.0
576.1596,714.0,714.0
325.14154,713.0,713.0
380.11893,712.0,712.0
537.24646,712.0,712.0
453.22543,710.0,710.0
562.2153,710.0,710.0
326.20648,710.0,710.0
783.2047,709.0,709.0
602.24335,708.0,708.0
384.22372,708.0,708.0
638.20166,708.0,708.0
428.21664,708.0,708.0
649.2711,707.0,707.0
407.21765,707.0,707.0
505.21796,706.0,706.0
428.25165,706.0,706.0
385.2287,706.0,706.0
578.1845,705.0,705.0
527.23694,705.0,705.0
306.19244,705.0,705.0
402.23288,705.0,705.0
449.23065,703.0,703.0
303.1326,702.0,702.0
650.20105,702.0,702.0
419.14206,701.0,701.0
331.12125,700.0,700.0
345.1106,700.0,700.0
342.04074,700.0,700.0
427.21167,700.0,700.0
451.24054,700.0,700.0
522.18713,699.0,699.0
536.1415,699.0,699.0
513.25256,699.0,699.0
472.10956,699.0,699.0
316.097,695.0,695.0
642.2764,695.0,695.0
614.2828,695.0,695.0
361.10483,694.0,694.0
314.20206,693.0,693.0
545.21106,693.0,693.0
329.14136,693.0,693.0
584.2992,693.0,693.0
335.12607,692.0,692.0
483.10403,691.0,691.0
351.1953,691.0,691.0
509.1178,690.0,690.0
441.131,690.0,690.0
703.56854,690.0,690.0
563.2252,689.0,689.0
490.11868,688.0,688.0
650.32104,688.0,688.0
532.2417,688.0,688.0
338.19092,687.0,687.0
600.1835,687.0,687.0
577.22455,687.0,687.0
607.2331,687.0,687.0
375.11917,687.0,687.0
511.35767,685.0,685.0
574.4897,685.0,685.0
603.2583,684.0,684.0
476.21936,683.0,683.0
331.05627,683.0,683.0
381.2039,682.0,682.0
526.227,679.0,679.0
646.3163,679.0,679.0
427.1167,679.0,679.0
434.23636,677.0,677.0
481.2041,677.0,677.0
533.24664,676.0,676.0
552.2407,676.0,676.0
602.2833,676.0,676.0
382.20883,676.0,676.0
477.17932,675.0,675.0
343.1207,675.0,675.0
320.0618,674.0,674.0
475.2194,674.0,674.0
400.17297,673.0,673.0
504.24802,672.0,672.0
552.33075,672.0,672.0
530.2268,672.0,672.0
668.2952,672.0,672.0
551.2058,671.0,671.0
904.53894,670.0,670.0
535.20654,669.0,669.0
344.10065,668.0,668.0
371.19437,665.0,665.0
459.22015,665.0,665.0
313.18213,664.0,664.0
415.21725,663.0,663.0
554.18567,663.0,663.0
425.26178,662.0,662.0
772.52026,661.0,661.0
520.16724,661.0,661.0
604.2983,660.0,660.0
592.3588,659.0,659.0
481.1541,658.0,658.0
479.1292,658.0,658.0
655.29083,657.0,657.0
605.3082,657.0,657.0
860.5411,656.0,656.0
549.1509,656.0,656.0
405.30774,653.0,653.0
368.1195,653.0,653.0
366.2146,652.0,652.0
301.1027,651.0,651.0
640.3015,650.0,650.0
543.19617,649.0,649.0
491.24362,649.0,649.0
528.27686,648.0,648.0
856.54126,648.0,648.0
656.2908,647.0,647.0
511.21268,647.0,647.0
503.19806,647.0,647.0
410.1275,647.0,647.0
330.10132,647.0,647.0
398.23807,646.0,646.0
590.2539,645.0,645.0
633.20685,645.0,645.0
365.02963,645.0,645.0
379.18896,645.0,645.0
538.2264,645.0,645.0
448.1107,644.0,644.0
534.2616,644.0,644.0
505.25296,642.0,642.0
593.2088,642.0,642.0
619.29254,642.0,642.0
521.2822,641.0,641.0
563.2652,640.0,640.0
593.5088,640.0,640.0
529.1818,640.0,640.0
504.31302,640.0,640.0
489.18375,640.0,640.0
755.4811,639.0,639.0
490.26868,639.0,639.0
547.261,638.0,638.0
506.3579,638.0,638.0
533.2816,638.0,638.0
657.3107,637.0,637.0
332.06622,636.0,636.0
727.5624,634.0,634.0
670.3051,634.0,634.0
686.33936,632.0,632.0
591.2339,632.0,632.0
483.174,631.0,631.0
475.1694,631.0,631.0
658.3157,630.0,630.0
647.3212,630.0,630.0
606.3232,629.0,629.0
663.28546,629.0,629.0
633.3069,629.0,629.0
319.16183,629.0,629.0
813.6783,628.0,628.0
636.29675,628.0,628.0
648.32117,628.0,628.0
556.24054,627.0,627.0
692.32404,627.0,627.0
499.21326,626.0,626.0
377.19907,625.0,625.0
688.3243,625.0,625.0
559.2354,625.0,625.0
509.19778,625.0,625.0
752.3512,624.0,624.0
517.2524,623.0,623.0
361.17984,622.0,622.0
371.15436,622.0,622.0
554.29065,622.0,622.0
666.3153,622.0,622.0
819.508,622.0,622.0
510.26273,621.0,621.0
393.1283,621.0,621.0
497.17834,620.0,620.0
428.12164,620.0,620.0
457.20526,620.0,620.0
727.5174,620.0,620.0
839.55707,619.0,619.0
696.32385,619.0,619.0
381.12888,618.0,618.0
522.2272,618.0,618.0
377.31406,617.0,617.0
605.2382,617.0,617.0
424.11185,616.0,616.0
368.2295,615.0,615.0
832.54236,615.0,615.0
443.14594,614.0,614.0
493.14856,613.0,613.0
359.12494,612.0,612.0
620.2625,611.0,611.0
520.24225,610.0,610.0
388.18353,609.0,609.0
562.14526,609.0,609.0
540.2113,608.0,608.0
877.51025,607.0,607.0
404.21777,606.0,606.0
329.17136,605.0,605.0
787.52954,605.0,605.0
556.27057,604.0,604.0
505.11298,601.0,601.0
327.19644,601.0,601.0
561.2453,601.0,601.0
615.49274,600.0,600.0
506.2929,599.0,599.0
523.2071,599.0,599.0
466.11984,598.0,598.0
597.4836,598.0,598.0
493.24854,598.0,598.0
560.23535,597.0,597.0
572.2748,597.0,597.0
355.19012,597.0,597.0
433.3264,596.0,596.0
500.2782,595.0,595.0
674.3399,594.0,594.0
400.25797,594.0,594.0
409.23254,593.0,593.0
538.2564,593.0,593.0
394.06827,592.0,592.0
397.1231,592.0,592.0
844.5218,590.0,590.0
373.20926,590.0,590.0
445.23083,590.0,590.0
627.25714,590.0,590.0
575.15466,589.0,589.0
586.17413,589.0,589.0
535.26154,589.0,589.0
544.2411,589.0,589.0
455.27536,589.0,589.0
529.2868,587.0,587.0
684.32446,586.0,586.0
451.07056,586.0,586.0
709.18823,584.0,584.0
490.33368,583.0,583.0
606.18317,583.0,583.0
577.27454,582.0,582.0
402.10287,582.0,582.0
712.3231,582.0,582.0
459.10516,581.0,581.0
708.3283,580.0,580.0
417.20715,580.0,580.0
394.23825,580.0,580.0
449.15063,579.0,579.0
539.26636,579.0,579.0
352.23026,579.0,579.0
787.45953,578.0,578.0
524.27203,578.0,578.0
326.0465,578.0,578.0
584.2342,577.0,577.0
842.5819,577.0,577.0
781.21985,577.0,577.0
550.2608,576.0,576.0
678.34973,576.0,576.0
322.22168,576.0,576.0
429.2366,575.0,575.0
716.5179,574.0,574.0
615.3527,574.0,574.0
509.25278,574.0,574.0
639.3116,573.0,573.0
325.18155,573.0,573.0
651.146,572.0,572.0
624.1923,572.0,572.0
417.12717,571.0,571.0
468.24973,571.0,571.0
367.25455,571.0,571.0
487.16382,571.0,571.0
694.36896,569.0,569.0
430.10156,568.0,568.0
403.22284,568.0,568.0
348.13046,568.0,568.0
429.2016,568.0,568.0
477.08432,567.0,567.0
390.06845,567.0,567.0
438.12616,567.0,567.0
801.20886,566.0,566.0
623.29736,565.0,565.0
505.14297,565.0,565.0
584.1942,565.0,565.0
355.1151,564.0,564.0
522.39716,564.0,564.0
673.57996,563.0,563.0
507.26288,562.0,562.0
502.26312,561.0,561.0
455.13037,561.0,561.0
513.2276,561.0,561.0
470.26962,560.0,560.0
582.2893,560.0,560.0
561.2803,560.0,560.0
573.2797,558.0,558.0
702.40356,558.0,558.0
626.2022,558.0,558.0
491.20364,557.0,557.0
716.3529,556.0,556.0
729.32733,556.0,556.0
486.2639,555.0,555.0
598.31854,555.0,555.0
672.19,555.0,555.0
664.3354,554.0,554.0
566.2601,554.0,554.0
531.23676,554.0,554.0
590.21893,554.0,554.0
362.20978,554.0,554.0
515.1925,553.0,553.0
555.1956,553.0,553.0
483.24402,552.0,552.0
592.12885,552.0,552.0
492.2486,552.0,552.0
657.13574,551.0,551.0
310.30725,551.0,551.0
546.286,551.0,551.0
339.26086,550.0,550.0
638.30664,550.0,550.0
729.5623,548.0,548.0
610.28796,548.0,548.0
739.51184,548.0,548.0
624.3073,548.0,548.0
673.3,547.0,547.0
393.2033,546.0,546.0
661.30054,545.0,545.0
425.12677,545.0,545.0
520.2773,544.0,544.0
343.19067,544.0,544.0
705.3085,544.0,544.0
661.43054,543.0,543.0
568.165,543.0,543.0
643.1964,542.0,542.0
395.3182,542.0,542.0
545.25604,542.0,542.0
731.5372,542.0,542.0
457.23026,541.0,541.0
307.0574,541.0,541.0
537.21643,541.0,541.0
321.11172,541.0,541.0
462.12503,540.0,540.0
773.5202,540.0,540.0
580.2694,539.0,539.0
542.2212,539.0,539.0
527.2019,539.0,539.0
853.5464,537.0,537.0
338.10593,536.0,536.0
662.3455,536.0,536.0
698.3388,536.0,536.0
373.17426,535.0,535.0
385.1287,535.0,535.0
336.21103,535.0,535.0
501.25317,534.0,534.0
849.6216,533.0,533.0
324.09158,532.0,532.0
616.35767,532.0,532.0
758.3659,531.0,531.0
552.20575,531.0,531.0
487.24384,531.0,531.0
635.3218,531.0,531.0
628.1821,530.0,530.0
560.19037,529.0,529.0
689.3292,529.0,529.0
615.5277,528.0,528.0
420.08203,528.0,528.0
564.32513,527.0,527.0
537.1514,527.0,527.0
534.1466,527.0,527.0
501.22815,526.0,526.0
631.292,526.0,526.0
405.20773,526.0,526.0
436.25125,525.0,525.0
750.3713,525.0,525.0
420.217,525.0,525.0
593.2788,524.0,524.0
683.3195,524.0,524.0
774.39514,524.0,524.0
581.2394,524.0,524.0
831.5324,523.0,523.0
508.24283,523.0,523.0
608.30804,523.0,523.0
458.2352,522.0,522.0
339.19586,522.0,522.0
301.18268,522.0,522.0
702.3686,522.0,522.0
700.3537,521.0,521.0
350.21536,521.0,521.0
305.0375,521.0,521.0
755.40106,520.0,520.0
630.28204,520.0,520.0
674.20496,520.0,520.0
522.2922,520.0,520.0
798.589,520.0,520.0
397.22812,519.0,519.0
515.2725,519.0,519.0
309.0723,518.0,518.0
448.25067,518.0,518.0
573.24976,517.0,517.0
878.5552,517.0,517.0
590.3139,517.0,517.0
567.195,516.0,516.0
696.45886,516.0,516.0
704.3535,516.0,516.0
431.3115,515.0,515.0
406.3527,515.0,515.0
519.3223,515.0,515.0
372.1393,514.0,514.0
651.291,513.0,513.0
865.5708,513.0,513.0
724.18756,513.0,513.0
598.2885,512.0,512.0
372.1543,512.0,512.0
422.2369,511.0,511.0
599.2635,511.0,511.0
723.37756,510.0,510.0
814.6832,510.0,510.0
484.24896,510.0,510.0
463.24496,509.0,509.0
490.1537,509.0,509.0
549.2759,508.0,508.0
463.16498,507.0,507.0
525.227,507.0,507.0
437.2262,505.0,505.0
540.2763,505.0,505.0
469.22467,505.0,505.0
899.4942,505.0,505.0
541.22125,505.0,505.0
553.2807,504.0,504.0
617.3676,504.0,504.0
342.21072,503.0,503.0
546.25604,503.0,503.0
612.18787,502.0,502.0
429.09158,502.0,502.0
599.3235,501.0,501.0
469.32468,501.0,501.0
508.27783,501.0,501.0
433.23138,500.0,500.0
533.0366,500.0,500.0
313.1021,499.0,499.0
607.3331,498.0,498.0
641.2715,497.0,497.0
464.13992,497.0,497.0
580.1994,497.0,497.0
816.49316,497.0,497.0
678.1997,497.0,497.0
432.25143,496.0,496.0
527.16693,496.0,496.0
501.17816,495.0,495.0
724.35754,495.0,495.0
471.25458,495.0,495.0
592.30383,494.0,494.0
580.2394,493.0,493.0
622.2774,492.0,492.0
516.1025,491.0,491.0
485.23392,491.0,491.0
810.5584,490.0,490.0
423.13687,490.0,490.0
621.5424,490.0,490.0
499.27826,490.0,490.0
924.498,488.0,488.0
853.64636,488.0,488.0
341.30078,488.0,488.0
454.2654,488.0,488.0
594.28876,487.0,487.0
635.2218,487.0,487.0
591.2939,487.0,487.0
577.3095,487.0,487.0
734.36206,487.0,487.0
620.3025,486.0,486.0
600.3284,486.0,486.0
499.23825,485.0,485.0
449.12064,485.0,485.0
803.6388,484.0,484.0
601.3134,483.0,483.0
421.23196,483.0,483.0
527.2719,483.0,483.0
593.17377,483.0,483.0
665.2703,482.0,482.0
520.13226,481.0,481.0
667.2903,480.0,480.0
718.3678,480.0,480.0
666.4803,480.0,480.0
586.2891,480.0,480.0
702.5086,480.0,480.0
594.3137,479.0,479.0
615.25775,479.0,479.0
467.2498,478.0,478.0
444.08588,477.0,477.0
317.10193,477.0,477.0
803.54376,476.0,476.0
690.36914,476.0,476.0
461.15506,476.0,476.0
522.51715,476.0,476.0
453.11545,475.0,475.0
703.37854,475.0,475.0
561.1653,475.0,475.0
405.12775,475.0,475.0
509.28278,474.0,474.0
518.1174,474.0,474.0
554.2556,473.0,473.0
562.2903,472.0,472.0
910.60864,472.0,472.0
560.2703,472.0,472.0
725.5525,472.0,472.0
539.2363,471.0,471.0
712.4331,471.0,471.0
645.3113,469.0,469.0
320.10178,469.0,469.0
415.17725,468.0,468.0
701.29865,468.0,468.0
601.2784,467.0,467.0
640.15155,467.0,467.0
409.08755,467.0,467.0
515.1675,467.0,467.0
819.588,466.0,466.0
770.37036,466.0,466.0
632.3319,465.0,465.0
406.23767,463.0,463.0
552.1707,463.0,463.0
872.47546,463.0,463.0
418.1021,462.0,462.0
719.32275,462.0,462.0
547.30096,462.0,462.0
685.2894,462.0,462.0
666.2003,462.0,462.0
502.1531,462.0,462.0
784.3797,462.0,462.0
520.50726,462.0,462.0
607.2931,461.0,461.0
659.18567,461.0,461.0
597.2436,460.0,460.0
569.2099,460.0,460.0
629.27704,460.0,460.0
707.35333,459.0,459.0
727.3824,459.0,459.0
452.24548,458.0,458.0
639.1816,458.0,458.0
353.2102,458.0,458.0
596.19366,457.0,457.0
582.1443,457.0,457.0
566.2201,457.0,457.0
529.2268,455.0,455.0
852.5064,455.0,455.0
444.2509,454.0,454.0
416.2522,454.0,454.0
568.39496,453.0,453.0
544.2711,453.0,453.0
491.16364,452.0,452.0
682.3096,452.0,452.0
395.2182,451.0,451.0
654.1659,451.0,451.0
400.18796,450.0,450.0
558.26044,450.0,450.0
804.6537,450.0,450.0
575.25964,450.0,450.0
671.31506,450.0,450.0
460.1451,449.0,449.0
431.0765,449.0,449.0
581.27936,449.0,449.0
717.36285,449.0,449.0
695.17395,448.0,448.0
725.3325,448.0,448.0
533.2166,448.0,448.0
643.2564,448.0,448.0
613.27783,448.0,448.0
612.30786,447.0,447.0
361.05984,447.0,447.0
387.2236,446.0,446.0
745.3615,446.0,446.0
561.2053,446.0,446.0
649.3361,445.0,445.0
393.2383,445.0,445.0
634.3518,445.0,445.0
331.16626,444.0,444.0
873.70044,444.0,444.0
311.0472,442.0,442.0
665.34033,442.0,442.0
785.3596,442.0,442.0
568.19995,442.0,442.0
768.38043,442.0,442.0
578.3145,441.0,441.0
681.30457,441.0,441.0
393.2933,441.0,441.0
652.151,441.0,441.0
627.33215,441.0,441.0
479.2692,440.0,440.0
333.07117,440.0,440.0
553.3207,439.0,439.0
659.28564,439.0,439.0
530.2868,438.0,438.0
653.27594,438.0,438.0
503.16306,437.0,437.0
519.1273,437.0,437.0
706.38837,436.0,436.0
579.19446,436.0,436.0
713.33307,435.0,435.0
749.33136,435.0,435.0
600.15344,433.0,433.0
369.20444,433.0,433.0
764.2006,433.0,433.0
606.37317,432.0,432.0
571.22986,432.0,432.0
569.24994,432.0,432.0
541.2513,431.0,431.0
617.3076,431.0,431.0
386.23865,431.0,431.0
355.0801,431.0,431.0
747.2015,431.0,431.0
512.28265,431.0,431.0
571.27484,430.0,430.0
553.2507,430.0,430.0
567.29504,429.0,429.0
615.2927,429.0,429.0
442.23596,429.0,429.0
833.64734,428.0,428.0
760.3508,428.0,428.0
365.20963,428.0,428.0
553.18066,427.0,427.0
480.27417,426.0,426.0
911.48865,425.0,425.0
408.11258,425.0,425.0
300.18274,425.0,425.0
746.3315,424.0,424.0
762.50574,424.0,424.0
583.3243,423.0,423.0
302.07764,423.0,423.0
661.20056,423.0,423.0
536.2965,423.0,423.0
559.2654,423.0,423.0
431.2165,422.0,422.0
469.1497,421.0,421.0
740.6968,421.0,421.0
711.3132,421.0,421.0
753.3262,421.0,421.0
401.09793,420.0,420.0
850.6215,420.0,420.0
498.3433,420.0,420.0
306.04745,419.0,419.0
477.14932,418.0,418.0
864.56085,417.0,417.0
751.34625,417.0,417.0
540.24133,417.0,417.0
422.12692,416.0,416.0
622.1774,416.0,416.0
622.36237,416.0,416.0
308.09735,416.0,416.0
830.46246,416.0,416.0
726.33246,415.0,415.0
756.546,415.0,415.0
531.30176,414.0,414.0
704.5235,414.0,414.0
536.3815,414.0,414.0
453.26044,413.0,413.0
739.3718,413.0,413.0
380.08392,413.0,413.0
597.3136,413.0,413.0
578.1495,412.0,412.0
530.2568,412.0,412.0
636.1917,412.0,412.0
625.2773,412.0,412.0
618.31256,412.0,412.0
757.36096,412.0,412.0
803.59375,411.0,411.0
645.1313,411.0,411.0
599.30347,411.0,411.0
558.29047,411.0,411.0
764.59564,411.0,411.0
483.30402,410.0,410.0
347.0455,410.0,410.0
617.5076,408.0,408.0
671.18005,408.0,408.0
417.23715,408.0,408.0
601.2384,407.0,407.0
611.2979,407.0,407.0
519.1573,407.0,407.0
742.1967,407.0,407.0
610.32294,407.0,407.0
505.28796,407.0,407.0
520.38226,406.0,406.0
589.24896,406.0,406.0
596.1586,406.0,406.0
582.1793,405.0,405.0
776.4601,405.0,405.0
551.27075,405.0,405.0
793.49426,404.0,404.0
399.243,404.0,404.0
644.32635,403.0,403.0
710.3382,403.0,403.0
734.5621,402.0,402.0
537.29645,402.0,402.0
651.326,401.0,401.0
649.5861,400.0,400.0
738.1919,400.0,400.0
575.33466,400.0,400.0
379.22397,400.0,400.0
660.1906,399.0,399.0
740.3518,399.0,399.0
727.2074,399.0,399.0
579.29443,398.0,398.0
776.3851,398.0,398.0
676.3548,398.0,398.0
864.45087,397.0,397.0
543.12616,397.0,397.0
526.32196,396.0,396.0
754.3661,396.0,396.0
826.48267,396.0,396.0
377.27905,396.0,396.0
643.3214,395.0,395.0
745.5515,394.0,394.0
435.13632,394.0,394.0
720.3527,393.0,393.0
638.17163,393.0,393.0
309.2523,393.0,393.0
322.0767,393.0,393.0
824.51776,392.0,392.0
495.16345,392.0,392.0
532.1617,392.0,392.0
782.3948,392.0,392.0
669.3052,392.0,392.0
841.57196,391.0,391.0
523.13715,391.0,391.0
774.5651,391.0,391.0
552.27075,390.0,390.0
769.3904,390.0,390.0
551.2408,390.0,390.0
783.42975,389.0,389.0
731.3972,389.0,389.0
889.4947,389.0,389.0
333.25116,389.0,389.0
804.4887,388.0,388.0
722.34265,387.0,387.0
788.5445,387.0,387.0
696.1789,387.0,387.0
597.51855,386.0,386.0
725.6725,386.0,386.0
407.32263,385.0,385.0
464.10492,385.0,385.0
598.1735,385.0,385.0
560.30536,385.0,385.0
741.3667,384.0,384.0
555.2406,384.0,384.0
686.40936,384.0,384.0
526.26196,384.0,384.0
780.3799,383.0,383.0
420.25702,383.0,383.0
532.2767,382.0,382.0
346.03555,382.0,382.0
509.22278,380.0,380.0
813.3933,380.0,380.0
948.4969,379.0,379.0
726.55743,379.0,379.0
542.2962,378.0,378.0
812.4083,378.0,378.0
511.31268,378.0,378.0
387.1486,378.0,378.0
669.1902,378.0,378.0
597.28357,377.0,377.0
742.3417,377.0,377.0
575.2946,377.0,377.0
346.26053,376.0,376.0
895.4644,375.0,375.0
602.31836,375.0,375.0
416.11722,375.0,375.0
326.2565,375.0,375.0
637.3417,374.0,374.0
583.2692,374.0,374.0
443.25092,373.0,373.0
589.164,373.0,373.0
457.27527,372.0,372.0
576.1346,372.0,372.0
583.22925,371.0,371.0
538.2914,371.0,371.0
563.1552,370.0,370.0
743.3466,370.0,370.0
697.3388,368.0,368.0
574.1447,368.0,368.0
762.39575,368.0,368.0
460.1101,368.0,368.0
383.21378,368.0,368.0
617.27765,368.0,368.0
503.09808,367.0,367.0
341.2758,367.0,367.0
533.14166,367.0,367.0
446.0958,367.0,367.0
541.1813,367.0,367.0
448.1407,367.0,367.0
844.5968,367.0,367.0
559.2954,366.0,366.0
679.3147,366.0,366.0
951.46173,365.0,365.0
715.313,365.0,365.0
619.5225,364.0,364.0
492.2786,364.0,364.0
952.4667,364.0,364.0
327.29645,363.0,363.0
751.5712,363.0,363.0
645.2063,363.0,363.0
861.546,362.0,362.0
766.36554,362.0,362.0
354.07516,361.0,361.0
498.3033,361.0,361.0
746.4115,361.0,361.0
650.3511,361.0,361.0
622.3174,361.0,361.0
547.15594,360.0,360.0
333.18115,360.0,360.0
654.19586,360.0,360.0
801.4189,359.0,359.0
894.45447,359.0,359.0
513.3026,359.0,359.0
401.33792,358.0,358.0
517.2224,357.0,357.0
447.34573,357.0,357.0
775.5651,357.0,357.0
589.209,357.0,357.0
568.305,356.0,356.0
599.2235,356.0,356.0
854.52136,356.0,356.0
556.20056,355.0,355.0
428.08163,355.0,355.0
727.4574,355.0,355.0
519.3773,354.0,354.0
450.12558,354.0,354.0
411.13245,354.0,354.0
325.10153,354.0,354.0
915.46344,353.0,353.0
739.20685,353.0,353.0
427.0767,352.0,352.0
814.39825,351.0,351.0
693.369,351.0,351.0
636.3317,351.0,351.0
366.0346,351.0,351.0
738.33685,350.0,350.0
329.03137,350.0,350.0
631.32196,350.0,350.0
751.40125,350.0,350.0
740.55176,350.0,350.0
493.28854,348.0,348.0
934.47253,348.0,348.0
545.28107,348.0,348.0
699.3137,348.0,348.0
768.58044,347.0,347.0
619.3225,346.0,346.0
633.2419,346.0,346.0
577.14453,346.0,346.0
429.1316,346.0,346.0
673.19995,345.0,345.0
368.0845,345.0,345.0
334.1111,344.0,344.0
796.3791,344.0,344.0
925.51294,344.0,344.0
763.5107,344.0,344.0
896.59436,343.0,343.0
514.30255,343.0,343.0
414.1073,343.0,343.0
873.48047,343.0,343.0
748.2064,342.0,342.0
882.575,342.0,342.0
870.4206,342.0,342.0
842.4419,342.0,342.0
414.06732,342.0,342.0
661.3405,342.0,342.0
904.56396,341.0,341.0
771.2003,341.0,341.0
546.116,340.0,340.0
400.08798,340.0,340.0
458.2652,340.0,340.0
614.3428,339.0,339.0
333.11118,339.0,339.0
658.17566,339.0,339.0
736.38696,338.0,338.0
478.14926,338.0,338.0
555.2956,338.0,338.0
757.55096,337.0,337.0
595.2937,337.0,337.0
566.18506,337.0,337.0
582.3193,337.0,337.0
525.187,337.0,337.0
595.2287,336.0,336.0
880.5401,336.0,336.0
846.46173,336.0,336.0
625.31226,336.0,336.0
532.1317,334.0,334.0
652.331,334.0,334.0
609.24805,334.0,334.0
804.4187,334.0,334.0
552.2957,334.0,334.0
658.4107,334.0,334.0
704.5735,334.0,334.0
341.2108,334.0,334.0
752.4512,333.0,333.0
631.157,333.0,333.0
463.13498,332.0,332.0
539.2963,331.0,331.0
372.3643,331.0,331.0
484.27896,330.0,330.0
566.11505,330.0,330.0
747.34644,329.0,329.0
642.16644,329.0,329.0
390.10345,328.0,328.0
313.1271,328.0,328.0
898.48425,327.0,327.0
474.12445,327.0,327.0
522.13214,326.0,326.0
404.1178,326.0,326.0
477.2943,326.0,326.0
564.16516,325.0,325.0
640.1865,325.0,325.0
851.4315,325.0,325.0
794.3942,325.0,325.0
611.26294,325.0,325.0
644.1614,325.0,325.0
596.30365,324.0,324.0
621.27246,321.0,321.0
773.3902,321.0,321.0
730.3973,320.0,320.0
822.59283,319.0,319.0
442.26596,319.0,319.0
687.3493,319.0,319.0
623.32733,318.0,318.0
611.32294,318.0,318.0
623.22235,317.0,317.0
621.34247,317.0,317.0
608.19305,316.0,316.0
557.2555,316.0,316.0
501.14816,316.0,316.0
684.3945,315.0,315.0
827.4376,315.0,315.0
917.4733,315.0,315.0
526.292,315.0,315.0
579.23944,315.0,315.0
382.07382,315.0,315.0
936.44745,314.0,314.0
328.2114,314.0,314.0
643.2864,313.0,313.0
769.55536,313.0,313.0
353.31522,313.0,313.0
950.5768,312.0,312.0
792.5643,312.0,312.0
621.20746,312.0,312.0
554.15063,311.0,311.0
539.20636,311.0,311.0
759.49585,310.0,310.0
613.1978,310.0,310.0
811.3734,309.0,309.0
707.20337,309.0,309.0
801.62384,309.0,309.0
583.3843,309.0,309.0
629.54205,309.0,309.0
544.1311,309.0,309.0
584.3342,308.0,308.0
630.612,308.0,308.0
646.1763,308.0,308.0
600.30347,308.0,308.0
502.3331,308.0,308.0
345.0706,307.0,307.0
799.404,307.0,307.0
613.3128,307.0,307.0
681.3746,307.0,307.0
603.2933,307.0,307.0
601.1384,307.0,307.0
942.4872,307.0,307.0
936.62244,307.0,307.0
477.3643,306.0,306.0
408.0826,306.0,306.0
847.4667,306.0,306.0
595.2687,306.0,306.0
777.42,305.0,305.0
705.3884,304.0,304.0
381.06387,303.0,303.0
891.4546,303.0,303.0
579.26447,302.0,302.0
811.6634,302.0,302.0
806.3936,302.0,302.0
585.2842,302.0,302.0
777.625,302.0,302.0
611.1879,302.0,302.0
569.2849,301.0,301.0
440.10608,300.0,300.0
663.3604,300.0,300.0
839.3771,300.0,300.0
644.20135,299.0,299.0
665.1954,299.0,299.0
605.13824,298.0,298.0
485.11893,298.0,298.0
488.1038,298.0,298.0
625.24225,298.0,298.0
335.08606,298.0,298.0
553.2207,298.0,298.0
690.19916,297.0,297.0
558.3154,297.0,297.0
719.3528,297.0,297.0
396.32816,296.0,296.0
657.19574,296.0,296.0
821.5929,296.0,296.0
670.3451,296.0,296.0
551.5008,296.0,296.0
685.4044,295.0,295.0
517.2874,295.0,295.0
754.3961,295.0,295.0
677.30475,295.0,295.0
594.1787,294.0,294.0
535.15656,294.0,294.0
675.34485,294.0,294.0
652.59595,293.0,293.0
863.5359,293.0,293.0
475.1344,293.0,293.0
565.21014,292.0,292.0
771.3753,292.0,292.0
756.351,292.0,292.0
793.35425,292.0,292.0
863.4959,292.0,292.0
543.30115,291.0,291.0
421.12198,290.0,290.0
681.1896,290.0,290.0
648.19116,290.0,290.0
308.06235,290.0,290.0
628.3621,290.0,290.0
652.186,289.0,289.0
781.3548,289.0,289.0
576.30457,289.0,289.0
974.5806,288.0,288.0
625.2023,288.0,288.0
547.46594,288.0,288.0
445.08585,287.0,287.0
549.31085,287.0,287.0
581.13934,287.0,287.0
495.09845,287.0,287.0
916.4734,286.0,286.0
617.13763,286.0,286.0
434.12634,286.0,286.0
525.28204,286.0,286.0
813.6083,285.0,285.0
660.2906,285.0,285.0
740.3818,285.0,285.0
655.3308,285.0,285.0
335.96603,285.0,285.0
328.3064,285.0,285.0
548.1309,284.0,284.0
302.19763,284.0,284.0
833.55237,284.0,284.0
732.38214,284.0,284.0
369.06445,284.0,284.0
639.2566,283.0,283.0
568.27496,283.0,283.0
382.24384,283.0,283.0
567.265,283.0,283.0
638.3516,283.0,283.0
957.47144,283.0,283.0
656.33075,282.0,282.0
759.38086,281.0,281.0
951.5817,281.0,281.0
601.1634,281.0,281.0
495.32346,281.0,281.0
504.208,280.0,280.0
633.34686,280.0,280.0
762.4757,280.0,280.0
462.265,280.0,280.0
914.4585,279.0,279.0
473.3345,279.0,279.0
423.2469,279.0,279.0
778.43,279.0,279.0
689.1942,279.0,279.0
824.4028,278.0,278.0
623.5673,278.0,278.0
805.3937,278.0,278.0
538.1214,278.0,278.0
787.3745,278.0,278.0
551.1658,277.0,277.0
607.1881,277.0,277.0
726.36743,277.0,277.0
593.35376,276.0,276.0
746.6015,276.0,276.0
420.11203,276.0,276.0
488.1388,276.0,276.0
645.3363,276.0,276.0
659.3206,276.0,276.0
489.14874,276.0,276.0
540.1013,275.0,275.0
450.0606,275.0,275.0
845.41675,275.0,275.0
510.29773,275.0,275.0
589.30896,275.0,275.0
659.3856,275.0,275.0
786.36957,275.0,275.0
736.357,274.0,274.0
686.19934,274.0,274.0
609.168,274.0,274.0
355.15512,274.0,274.0
554.3256,273.0,273.0
985.4651,273.0,273.0
893.44946,273.0,273.0
647.2212,273.0,273.0
703.21356,273.0,273.0
538.15643,273.0,273.0
709.33826,272.0,272.0
566.31506,272.0,272.0
829.5125,272.0,272.0
477.11432,272.0,272.0
713.44806,272.0,272.0
537.18146,271.0,271.0
614.31775,271.0,271.0
405.06274,271.0,271.0
736.49194,271.0,271.0
338.07593,271.0,271.0
846.42175,270.0,270.0
772.44525,270.0,270.0
380.2289,270.0,270.0
435.2463,270.0,270.0
719.5328,270.0,270.0
595.5237,270.0,270.0
405.26773,269.0,269.0
303.1976,269.0,269.0
911.61365,269.0,269.0
335.20108,269.0,269.0
411.24744,268.0,268.0
691.3891,268.0,268.0
489.32373,268.0,268.0
871.43054,267.0,267.0
695.28394,267.0,267.0
627.1822,266.0,266.0
885.4499,266.0,266.0
788.4645,266.0,266.0
863.4259,266.0,266.0
641.19147,266.0,266.0
608.12805,266.0,266.0
526.157,266.0,266.0
570.28986,266.0,266.0
410.0975,265.0,265.0
386.34863,265.0,265.0
624.3323,264.0,264.0
303.08258,264.0,264.0
912.6236,264.0,264.0
568.24,264.0,264.0
651.601,264.0,264.0
571.2998,264.0,264.0
762.1857,264.0,264.0
775.3451,264.0,264.0
403.07782,263.0,263.0
570.1449,263.0,263.0
851.49646,263.0,263.0
522.15216,262.0,262.0
860.43604,262.0,262.0
749.44135,262.0,262.0
777.465,262.0,262.0
371.08936,262.0,262.0
875.43036,261.0,261.0
473.1545,261.0,261.0
319.05682,261.0,261.0
375.21417,260.0,260.0
557.3105,260.0,260.0
377.0641,260.0,260.0
927.4629,259.0,259.0
565.2451,259.0,259.0
370.3194,259.0,259.0
484.11398,259.0,259.0
397.3781,258.0,258.0
336.096,258.0,258.0
830.39746,258.0,258.0
360.27487,258.0,258.0
786.3946,258.0,258.0
744.41156,257.0,257.0
733.4171,257.0,257.0
568.13,257.0,257.0
359.19492,257.0,257.0
491.27362,257.0,257.0
379.32898,257.0,257.0
447.24573,256.0,256.0
887.55975,256.0,256.0
748.3864,256.0,256.0
909.4437,256.0,256.0
776.585,255.0,255.0
407.25262,255.0,255.0
332.24622,255.0,255.0
473.1195,255.0,255.0
586.3191,255.0,255.0
642.31146,255.0,255.0
436.11127,255.0,255.0
721.3627,254.0,254.0
361.20984,254.0,254.0
798.499,254.0,254.0
684.4594,254.0,254.0
809.3885,254.0,254.0
570.3199,253.0,253.0
808.37854,253.0,253.0
765.5256,253.0,253.0
412.2574,253.0,253.0
852.5764,253.0,253.0
327.07645,253.0,253.0
854.55634,253.0,253.0
699.34875,253.0,253.0
896.47437,252.0,252.0
405.23273,252.0,252.0
542.1162,252.0,252.0
585.30914,252.0,252.0
431.3765,252.0,252.0
671.35004,252.0,252.0
648.5762,252.0,252.0
529.1118,251.0,251.0
731.4922,251.0,251.0
565.1801,251.0,251.0
494.37347,251.0,251.0
666.3503,251.0,251.0
708.3583,250.0,250.0
732.6022,250.0,250.0
583.29926,250.0,250.0
779.43494,250.0,250.0
701.3336,250.0,250.0
790.3994,249.0,249.0
965.4761,249.0,249.0
404.25278,249.0,249.0
449.26065,249.0,249.0
433.0864,249.0,249.0
770.56036,249.0,249.0
732.34717,249.0,249.0
725.3925,248.0,248.0
898.4542,248.0,248.0
309.1073,248.0,248.0
864.68585,248.0,248.0
567.24,248.0,248.0
585.1692,247.0,247.0
550.29083,247.0,247.0
876.5453,247.0,247.0
608.3381,247.0,247.0
843.65186,247.0,247.0
744.34656,247.0,247.0
711.3832,246.0,246.0
692.3691,246.0,246.0
884.43494,245.0,245.0
743.4666,245.0,245.0
628.3321,245.0,245.0
518.3724,245.0,245.0
696.3589,244.0,244.0
628.1521,244.0,244.0
548.4709,244.0,244.0
593.3138,244.0,244.0
517.1124,244.0,244.0
415.27725,244.0,244.0
843.58685,243.0,243.0
641.31146,243.0,243.0
818.39307,243.0,243.0
760.3808,243.0,243.0
560.1304,243.0,243.0
832.4074,242.0,242.0
439.2811,242.0,242.0
791.40936,242.0,242.0
591.26385,241.0,241.0
821.38794,241.0,241.0
744.5816,241.0,241.0
555.26056,241.0,241.0
849.41656,240.0,240.0
822.3929,240.0,240.0
621.30743,240.0,240.0
523.3021,240.0,240.0
944.46204,240.0,240.0
805.49365,240.0,240.0
711.34814,240.0,240.0
621.4824,239.0,239.0
854.6513,239.0,239.0
356.22507,238.0,238.0
876.5053,238.0,238.0
716.1829,238.0,238.0
518.28735,238.0,238.0
966.476,238.0,238.0
577.17456,238.0,238.0
910.5137,238.0,238.0
831.40247,237.0,237.0
497.11835,237.0,237.0
714.403,237.0,237.0
525.15204,236.0,236.0
552.13574,236.0,236.0
872.5505,236.0,236.0
699.20874,236.0,236.0
946.54694,236.0,236.0
715.34796,235.0,235.0
502.29312,235.0,235.0
629.3771,235.0,235.0
561.3153,235.0,235.0
476.31934,235.0,235.0
776.55005,234.0,234.0
660.32556,234.0,234.0
505.33795,234.0,234.0
396.25815,234.0,234.0
670.1701,234.0,234.0
679.2097,234.0,234.0
608.56305,234.0,234.0
609.283,233.0,233.0
879.22015,233.0,233.0
829.3875,233.0,233.0
802.4238,233.0,233.0
550.12085,233.0,233.0
332.10123,233.0,233.0
900.49915,233.0,233.0
760.4958,233.0,233.0
729.3923,232.0,232.0
462.09003,232.0,232.0
424.36182,232.0,232.0
538.1864,232.0,232.0
432.08145,232.0,232.0
816.42316,232.0,232.0
457.12527,232.0,232.0
563.2952,232.0,232.0
840.502,232.0,232.0
790.3544,231.0,231.0
330.2263,231.0,231.0
807.3736,231.0,231.0
823.40283,231.0,231.0
618.37256,230.0,230.0
653.34094,230.0,230.0
857.5462,230.0,230.0
510.12775,230.0,230.0
864.50085,230.0,230.0
324.0266,230.0,230.0
949.50183,230.0,230.0
609.208,230.0,230.0
836.4072,229.0,229.0
872.4405,229.0,229.0
664.1854,229.0,229.0
328.0264,229.0,229.0
749.39136,228.0,228.0
609.133,228.0,228.0
530.11676,228.0,228.0
370.2444,228.0,228.0
589.274,228.0,228.0
417.33215,227.0,227.0
612.36786,227.0,227.0
371.11935,227.0,227.0
817.3881,227.0,227.0
888.5647,227.0,227.0
492.1336,227.0,227.0
667.39026,227.0,227.0
323.19662,226.0,226.0
629.3121,226.0,226.0
856.4462,226.0,226.0
556.30554,225.0,225.0
461.12006,225.0,225.0
675.28986,225.0,225.0
629.33704,225.0,225.0
318.93185,224.0,224.0
807.4336,224.0,224.0
566.35504,224.0,224.0
833.41736,224.0,224.0
521.1222,224.0,224.0
810.3884,224.0,224.0
581.3093,223.0,223.0
789.3444,223.0,223.0
437.12122,223.0,223.0
569.13995,223.0,223.0
677.3598,222.0,222.0
857.4212,222.0,222.0
604.32825,222.0,222.0
419.1071,222.0,222.0
347.0855,222.0,222.0
587.2991,221.0,221.0
710.4832,221.0,221.0
684.17944,221.0,221.0
802.2138,221.0,221.0
648.37616,221.0,221.0
885.4999,221.0,221.0
587.14905,220.0,220.0
580.3044,220.0,220.0
874.5304,220.0,220.0
798.39404,220.0,220.0
610.52295,220.0,220.0
838.4221,220.0,220.0
330.2813,220.0,220.0
934.60754,220.0,220.0
862.53094,220.0,220.0
447.31073,219.0,219.0
746.3665,219.0,219.0
930.4777,219.0,219.0
641.3415,219.0,219.0
523.0971,219.0,219.0
920.4682,219.0,219.0
437.37122,219.0,219.0
763.4107,219.0,219.0
539.1664,218.0,218.0
767.3705,218.0,218.0
640.33655,218.0,218.0
907.42883,218.0,218.0
714.198,218.0,218.0
535.13654,218.0,218.0
825.4227,218.0,218.0
904.42395,217.0,217.0
884.49994,217.0,217.0
630.547,217.0,217.0
761.5008,217.0,217.0
778.63495,217.0,217.0
573.13477,217.0,217.0
532.3067,217.0,217.0
639.3616,217.0,217.0
551.2908,217.0,217.0
524.1421,216.0,216.0
507.3029,216.0,216.0
447.14075,216.0,216.0
815.37823,216.0,216.0
564.1352,216.0,216.0
423.10187,215.0,215.0
929.4728,215.0,215.0
312.27716,215.0,215.0
308.9273,215.0,215.0
395.0732,215.0,215.0
848.4066,215.0,215.0
421.08698,215.0,215.0
617.20764,215.0,215.0
404.0828,215.0,215.0
906.4839,215.0,215.0
750.4013,214.0,214.0
797.38904,214.0,214.0
789.54443,214.0,214.0
822.47284,214.0,214.0
434.09634,214.0,214.0
669.34015,214.0,214.0
843.40186,213.0,213.0
770.42535,213.0,213.0
499.34824,213.0,213.0
781.6148,213.0,213.0
550.3158,213.0,213.0
422.2719,213.0,213.0
779.4699,212.0,212.0
847.6767,212.0,212.0
940.4722,212.0,212.0
496.1084,212.0,212.0
553.1057,212.0,212.0
631.222,212.0,212.0
397.2681,212.0,212.0
771.3453,212.0,212.0
811.5634,212.0,212.0
834.4223,212.0,212.0
714.338,211.0,211.0
694.509,211.0,211.0
408.33258,211.0,211.0
918.4833,211.0,211.0
459.32016,211.0,211.0
657.3707,211.0,211.0
603.3233,211.0,211.0
572.3298,211.0,211.0
786.5596,210.0,210.0
685.3344,210.0,210.0
961.4963,210.0,210.0
659.22565,210.0,210.0
744.3816,210.0,210.0
690.1642,210.0,210.0
757.41595,210.0,210.0
544.3361,209.0,209.0
912.4936,209.0,209.0
527.0919,209.0,209.0
932.59265,208.0,208.0
868.4607,208.0,208.0
892.46454,208.0,208.0
414.2673,208.0,208.0
706.5884,208.0,208.0
902.45404,208.0,208.0
579.12445,208.0,208.0
937.48737,207.0,207.0
573.3297,207.0,207.0
630.317,207.0,207.0
850.4215,207.0,207.0
353.06522,207.0,207.0
659.35065,207.0,207.0
447.10574,207.0,207.0
879.5651,207.0,207.0
817.4281,206.0,206.0
632.6269,206.0,206.0
890.44965,206.0,206.0
668.3252,206.0,206.0
738.3719,206.0,206.0
682.34454,206.0,206.0
415.11227,206.0,206.0
475.0694,206.0,206.0
837.4172,206.0,206.0
578.2895,206.0,206.0
557.2805,206.0,206.0
854.4213,206.0,206.0
651.361,205.0,205.0
786.2196,205.0,205.0
883.43,205.0,205.0
714.313,205.0,205.0
755.20605,204.0,204.0
594.14374,204.0,204.0
501.30316,204.0,204.0
805.2087,204.0,204.0
720.4077,204.0,204.0
925.44794,204.0,204.0
540.30133,204.0,204.0
514.12256,203.0,203.0
839.4371,203.0,203.0
609.348,203.0,203.0
355.2901,203.0,203.0
676.1848,203.0,203.0
763.1957,203.0,203.0
540.3613,202.0,202.0
704.1785,202.0,202.0
639.2166,202.0,202.0
666.3853,202.0,202.0
865.4508,201.0,201.0
657.4107,201.0,201.0
576.3396,201.0,201.0
633.39685,201.0,201.0
698.1938,201.0,201.0
672.36,201.0,201.0
764.35065,201.0,201.0
475.3494,201.0,201.0
799.459,201.0,201.0
900.43915,200.0,200.0
793.3892,200.0,200.0
859.4311,200.0,200.0
349.1054,200.0,200.0
953.4766,200.0,200.0
910.43365,200.0,200.0
945.477,200.0,200.0
803.4338,200.0,200.0
714.36804,200.0,200.0
687.2843,199.0,199.0
918.5783,199.0,199.0
819.403,199.0,199.0
559.1254,199.0,199.0
719.1728,199.0,199.0
798.459,199.0,199.0
653.6009,198.0,198.0
593.1388,198.0,198.0
615.32275,198.0,198.0
609.313,198.0,198.0
720.4627,198.0,198.0
735.567,198.0,198.0
835.43726,198.0,198.0
732.21216,197.0,197.0
712.3881,197.0,197.0
642.34644,197.0,197.0
555.1256,197.0,197.0
675.3199,197.0,197.0
775.4101,196.0,196.0
507.37286,196.0,196.0
503.34805,196.0,196.0
933.4726,196.0,196.0
883.55994,196.0,196.0
700.48865,195.0,195.0
829.4625,195.0,195.0
613.34283,195.0,195.0
305.2425,195.0,195.0
435.10132,195.0,195.0
331.09125,195.0,195.0
687.2143,195.0,195.0
903.464,195.0,195.0
553.1457,195.0,195.0
526.37195,195.0,195.0
521.1472,195.0,195.0
344.24564,194.0,194.0
481.28912,194.0,194.0
795.37415,194.0,194.0
403.11282,194.0,194.0
902.5591,194.0,194.0
735.347,194.0,194.0
675.41486,193.0,193.0
764.3806,193.0,193.0
419.07208,193.0,193.0
703.5335,193.0,193.0
745.41156,192.0,192.0
728.3823,192.0,192.0
307.1874,192.0,192.0
567.325,192.0,192.0
708.4633,192.0,192.0
422.34692,192.0,192.0
826.4477,191.0,191.0
861.481,191.0,191.0
696.51886,191.0,191.0
687.1793,191.0,191.0
459.14017,191.0,191.0
318.22687,191.0,191.0
921.47815,191.0,191.0
588.304,191.0,191.0
759.42584,191.0,191.0
679.3547,190.0,190.0
683.3545,190.0,190.0
644.49634,190.0,190.0
421.30197,190.0,190.0
552.37573,190.0,190.0
668.36523,190.0,190.0
488.3188,190.0,190.0
788.4145,190.0,190.0
862.42096,189.0,189.0
673.33997,189.0,189.0
702.1986,189.0,189.0
735.317,189.0,189.0
781.39484,189.0,189.0
486.12387,188.0,188.0
616.3327,188.0,188.0
667.32526,188.0,188.0
674.37494,188.0,188.0
924.588,188.0,188.0
867.6557,187.0,187.0
443.10593,186.0,186.0
647.3662,186.0,186.0
890.55963,186.0,186.0
868.59564,186.0,186.0
881.54504,186.0,186.0
777.53,185.0,185.0
533.32666,185.0,185.0
837.21216,185.0,185.0
406.0677,185.0,185.0
451.10056,184.0,184.0
799.50397,184.0,184.0
701.36865,184.0,184.0
734.61206,184.0,184.0
400.29297,184.0,184.0
408.2576,184.0,184.0
353.10022,184.0,184.0
783.5347,184.0,184.0
597.1686,184.0,184.0
695.3189,183.0,183.0
417.09216,183.0,183.0
618.3426,183.0,183.0
499.31824,183.0,183.0
843.4419,183.0,183.0
728.1824,183.0,183.0
581.53436,183.0,183.0
905.4289,183.0,183.0
912.52856,182.0,182.0
825.61774,182.0,182.0
493.35855,182.0,182.0
866.46576,182.0,182.0
427.27667,182.0,182.0
867.44073,182.0,182.0
732.4921,181.0,181.0
563.5352,181.0,181.0
367.11453,181.0,181.0
964.47614,181.0,181.0
488.27878,181.0,181.0
366.0696,181.0,181.0
598.4885,181.0,181.0
782.5298,181.0,181.0
590.34894,181.0,181.0
798.639,181.0,181.0
819.438,181.0,181.0
761.33075,181.0,181.0
637.3017,180.0,180.0
388.08856,180.0,180.0
827.5376,180.0,180.0
737.3369,180.0,180.0
561.1353,180.0,180.0
596.3436,180.0,180.0
789.3945,180.0,180.0
543.24115,179.0,179.0
397.0931,179.0,179.0
753.36115,179.0,179.0
869.42065,179.0,179.0
660.3606,179.0,179.0
464.3149,179.0,179.0
470.29465,179.0,179.0
875.53534,179.0,179.0
922.4831,178.0,178.0
808.4135,178.0,178.0
650.1711,178.0,178.0
765.3606,178.0,178.0
745.22156,178.0,178.0
325.06656,178.0,178.0
583.15424,178.0,178.0
331.20627,178.0,178.0
939.4623,177.0,177.0
494.0885,177.0,177.0
557.35547,177.0,177.0
682.1945,177.0,177.0
399.08304,177.0,177.0
758.4209,176.0,176.0
323.08664,176.0,176.0
515.0975,176.0,176.0
730.19727,176.0,176.0
478.37424,176.0,176.0
371.31934,176.0,176.0
850.45154,176.0,176.0
327.02145,175.0,175.0
688.35425,175.0,175.0
886.5098,175.0,175.0
818.43304,175.0,175.0
423.29187,175.0,175.0
787.66455,175.0,175.0
667.20526,175.0,175.0
613.2428,175.0,175.0
778.56494,175.0,175.0
466.32983,175.0,175.0
458.0952,174.0,174.0
391.1134,174.0,174.0
932.52765,174.0,174.0
729.2273,174.0,174.0
580.1294,174.0,174.0
763.3457,174.0,174.0
805.60864,173.0,173.0
788.3795,173.0,173.0
712.1831,173.0,173.0
952.6167,173.0,173.0
504.13303,173.0,173.0
716.38293,173.0,173.0
881.42004,173.0,173.0
855.5263,173.0,173.0
375.19415,173.0,173.0
512.32263,173.0,173.0
491.12863,172.0,172.0
357.10004,172.0,172.0
526.12195,172.0,172.0
902.58405,172.0,172.0
604.3583,172.0,172.0
688.18427,172.0,172.0
912.4486,172.0,172.0
689.5542,171.0,171.0
663.21545,171.0,171.0
895.4294,171.0,171.0
720.20776,171.0,171.0
385.30368,170.0,170.0
567.425,170.0,170.0
947.4969,170.0,170.0
603.1233,170.0,170.0
923.49805,170.0,170.0
303.2276,170.0,170.0
788.57446,170.0,170.0
913.69354,170.0,170.0
753.4012,170.0,170.0
610.143,169.0,169.0
848.4766,169.0,169.0
456.2853,169.0,169.0
617.33765,169.0,169.0
637.27167,168.0,168.0
478.11926,168.0,168.0
565.3151,168.0,168.0
387.31857,167.0,167.0
919.46326,167.0,167.0
754.5861,167.0,167.0
374.07422,167.0,167.0
571.32983,167.0,167.0
926.5179,167.0,167.0
597.2036,166.0,166.0
516.2825,166.0,166.0
438.27115,166.0,166.0
843.51184,166.0,166.0
761.3658,166.0,166.0
518.14734,166.0,166.0
854.45135,166.0,166.0
401.30292,165.0,165.0
877.55023,165.0,165.0
648.1562,164.0,164.0
873.41547,164.0,164.0
788.3395,164.0,164.0
903.564,164.0,164.0
523.1721,164.0,164.0
713.36804,164.0,164.0
668.18024,164.0,164.0
913.62854,163.0,163.0
710.3732,163.0,163.0
837.45215,163.0,163.0
976.5955,163.0,163.0
935.46246,163.0,163.0
792.4143,163.0,163.0
321.18173,163.0,163.0
587.499,163.0,163.0
747.37646,162.0,162.0
624.5023,162.0,162.0
770.19037,162.0,162.0
764.5206,161.0,161.0
961.6262,161.0,161.0
553.3807,161.0,161.0
591.49384,161.0,161.0
840.432,161.0,161.0
886.58984,161.0,161.0
511.1327,161.0,161.0
434.32635,161.0,161.0
837.6721,161.0,161.0
317.2119,161.0,161.0
785.44464,161.0,161.0
758.1909,161.0,161.0
682.3795,161.0,161.0
314.27707,161.0,161.0
320.2068,160.0,160.0
627.2922,160.0,160.0
421.34195,160.0,160.0
874.56537,160.0,160.0
343.0907,160.0,160.0
908.4988,160.0,160.0
775.2301,160.0,160.0
927.5179,160.0,160.0
650.58606,160.0,160.0
680.1796,160.0,160.0
426.27173,160.0,160.0
409.33752,160.0,160.0
502.11813,159.0,159.0
760.2058,159.0,159.0
595.3287,159.0,159.0
919.58325,159.0,159.0
867.4707,159.0,159.0
625.3422,159.0,159.0
858.5861,159.0,159.0
402.06787,159.0,159.0
433.2664,159.0,159.0
715.21295,159.0,159.0
432.11646,159.0,159.0
599.3785,158.0,158.0
935.6125,158.0,158.0
656.3608,158.0,158.0
496.3084,158.0,158.0
878.4202,158.0,158.0
715.173,158.0,158.0
717.5229,158.0,158.0
733.4721,158.0,158.0
747.42145,158.0,158.0
898.5643,158.0,158.0
691.2091,158.0,158.0
377.09906,157.0,157.0
800.4589,157.0,157.0
574.34467,157.0,157.0
786.4496,157.0,157.0
525.112,157.0,157.0
485.29892,156.0,156.0
707.38837,156.0,156.0
842.5069,156.0,156.0
541.28625,156.0,156.0
500.3082,156.0,156.0
371.21936,156.0,156.0
366.10458,156.0,156.0
648.4562,156.0,156.0
585.3442,155.0,155.0
876.4353,155.0,155.0
949.57184,155.0,155.0
549.1159,155.0,155.0
741.22174,155.0,155.0
747.60144,154.0,154.0
794.4392,154.0,154.0
760.6308,154.0,154.0
491.34363,154.0,154.0
697.18884,154.0,154.0
310.26227,154.0,154.0
865.41583,153.0,153.0
399.00302,153.0,153.0
685.3694,153.0,153.0
645.3713,153.0,153.0
816.1982,153.0,153.0
554.11566,153.0,153.0
302.9626,153.0,153.0
934.54755,153.0,153.0
551.1308,153.0,153.0
407.36264,152.0,152.0
648.62616,152.0,152.0
977.60046,152.0,152.0
881.50507,152.0,152.0
697.36884,152.0,152.0
545.32104,152.0,152.0
474.33945,152.0,152.0
838.6271,151.0,151.0
433.1214,151.0,151.0
858.4562,151.0,151.0
938.64233,151.0,151.0
651.216,151.0,151.0
931.4577,151.0,151.0
699.3837,151.0,151.0
881.4501,150.0,150.0
852.43646,150.0,150.0
315.05203,150.0,150.0
706.1934,150.0,150.0
589.344,150.0,150.0
943.4871,150.0,150.0
381.27386,149.0,149.0
461.26007,149.0,149.0
486.30386,149.0,149.0
387.0836,149.0,149.0
889.4497,149.0,149.0
734.1921,149.0,149.0
860.47107,149.0,149.0
711.65814,148.0,148.0
584.15924,148.0,148.0
793.21924,148.0,148.0
412.2924,148.0,148.0
740.42175,148.0,148.0
458.3102,148.0,148.0
601.3684,147.0,147.0
391.21838,147.0,147.0
641.1615,147.0,147.0
781.51483,147.0,147.0
337.10098,147.0,147.0
625.5872,147.0,147.0
430.26654,147.0,147.0
349.2504,147.0,147.0
964.5611,147.0,147.0
609.518,146.0,146.0
719.4278,146.0,146.0
820.40796,146.0,146.0
644.3613,146.0,146.0
554.3906,146.0,146.0
855.5613,146.0,146.0
668.4902,146.0,146.0
769.4204,146.0,146.0
859.4711,146.0,146.0
619.3875,146.0,146.0
670.3801,146.0,146.0
700.1837,146.0,146.0
354.10516,145.0,145.0
357.24002,145.0,145.0
761.5508,145.0,145.0
774.4401,145.0,145.0
959.4813,145.0,145.0
472.32452,145.0,145.0
891.5046,145.0,145.0
711.17816,145.0,145.0
663.39545,144.0,144.0
706.1634,144.0,144.0
767.3405,144.0,144.0
446.1308,144.0,144.0
475.3144,144.0,144.0
755.45105,144.0,144.0
595.19366,144.0,144.0
841.49695,143.0,143.0
728.5673,143.0,143.0
649.2011,142.0,142.0
339.08087,142.0,142.0
813.4783,142.0,142.0
886.4298,142.0,142.0
430.30154,142.0,142.0
693.189,142.0,142.0
779.19995,142.0,142.0
853.4564,142.0,142.0
709.3633,141.0,141.0
699.4837,141.0,141.0
537.48645,141.0,141.0
555.3406,141.0,141.0
672.525,141.0,141.0
660.5256,141.0,141.0
683.1745,141.0,141.0
811.2334,141.0,141.0
962.51117,141.0,141.0
660.1556,140.0,140.0
452.1055,140.0,140.0
605.3382,140.0,140.0
702.1636,140.0,140.0
611.2279,140.0,140.0
937.6274,140.0,140.0
677.2298,139.0,139.0
411.28244,139.0,139.0
618.5126,139.0,139.0
581.20935,139.0,139.0
508.3478,139.0,139.0
798.419,139.0,139.0
472.28455,139.0,139.0
741.3917,139.0,139.0
638.13666,138.0,138.0
651.181,138.0,138.0
745.58655,138.0,138.0
469.26468,138.0,138.0
805.4237,138.0,138.0
667.3552,138.0,138.0
444.11588,138.0,138.0
801.50385,138.0,138.0
969.4709,138.0,138.0
831.4724,138.0,138.0
773.4402,138.0,138.0
689.3592,137.0,137.0
833.21234,137.0,137.0
799.59393,137.0,137.0
727.4074,137.0,137.0
321.25174,137.0,137.0
327.26144,137.0,137.0
349.2104,137.0,137.0
666.1653,137.0,137.0
402.34286,137.0,137.0
848.5166,137.0,137.0
855.4063,137.0,137.0
368.2695,137.0,137.0
742.39667,136.0,136.0
553.4107,136.0,136.0
749.2164,136.0,136.0
675.3849,136.0,136.0
632.3519,136.0,136.0
579.32947,136.0,136.0
893.2345,136.0,136.0
776.2001,136.0,136.0
736.207,136.0,136.0
777.59,136.0,136.0
814.44824,136.0,136.0
728.51733,135.0,135.0
411.10245,135.0,135.0
687.31433,135.0,135.0
858.42114,135.0,135.0
800.4339,135.0,135.0
664.3704,135.0,135.0
633.4819,135.0,135.0
874.4604,135.0,135.0
379.07898,135.0,135.0
877.4152,135.0,135.0
820.378,135.0,135.0
541.14624,134.0,134.0
873.52045,134.0,134.0
809.6435,134.0,134.0
890.4946,134.0,134.0
591.1239,134.0,134.0
658.3757,134.0,134.0
715.40796,134.0,134.0
901.5091,134.0,134.0
866.51575,134.0,134.0
565.3451,134.0,134.0
311.08722,134.0,134.0
649.16614,134.0,134.0
684.35944,133.0,133.0
398.27808,133.0,133.0
605.2082,133.0,133.0
647.1862,133.0,133.0
515.3125,133.0,133.0
751.20123,133.0,133.0
696.63385,133.0,133.0
681.1596,133.0,133.0
599.0935,133.0,133.0
858.5261,133.0,133.0
595.1537,132.0,132.0
701.19366,132.0,132.0
487.35382,132.0,132.0
309.1823,132.0,132.0
721.5527,132.0,132.0
841.38696,131.0,131.0
474.30945,131.0,131.0
784.4347,131.0,131.0
901.4491,131.0,131.0
544.3111,131.0,131.0
668.3952,131.0,131.0
575.12463,131.0,131.0
337.21597,131.0,131.0
566.1501,131.0,131.0
444.28088,131.0,131.0
652.36597,131.0,131.0
874.4204,131.0,131.0
703.4135,131.0,131.0
720.17773,131.0,131.0
744.2116,130.0,130.0
389.2635,130.0,130.0
962.57117,130.0,130.0
920.5932,130.0,130.0
443.32092,130.0,130.0
542.3212,130.0,130.0
681.3396,130.0,130.0
657.1707,130.0,130.0
795.4042,129.0,129.0
448.31567,129.0,129.0
651.531,129.0,129.0
823.47284,129.0,129.0
356.30005,129.0,129.0
697.4738,129.0,129.0
813.2133,129.0,129.0
814.21826,129.0,129.0
318.08188,128.0,128.0
988.55994,128.0,128.0
896.53937,128.0,128.0
733.18713,128.0,128.0
733.2221,128.0,128.0
643.3564,128.0,128.0
901.5741,128.0,128.0
821.21796,128.0,128.0
403.3228,128.0,128.0
788.1995,127.0,127.0
377.23907,127.0,127.0
363.2697,127.0,127.0
391.3284,127.0,127.0
419.31207,127.0,127.0
396.11316,126.0,126.0
517.1474,126.0,126.0
483.334,126.0,126.0
834.6473,126.0,126.0
516.31244,126.0,126.0
937.4424,126.0,126.0
542.4862,126.0,126.0
523.3671,126.0,126.0
531.3767,126.0,126.0
315.08704,126.0,126.0
676.4498,126.0,126.0
556.13055,126.0,126.0
671.3851,126.0,126.0
856.5012,126.0,126.0
658.3457,126.0,126.0
305.2175,126.0,126.0
645.1713,125.0,125.0
718.5728,125.0,125.0
815.2232,125.0,125.0
765.4256,125.0,125.0
750.1863,125.0,125.0
413.10236,125.0,125.0
491.38364,125.0,125.0
406.31268,125.0,125.0
832.4424,125.0,125.0
857.5062,124.0,124.0
437.2662,124.0,124.0
677.19476,124.0,124.0
821.4579,124.0,124.0
621.24243,124.0,124.0
409.26755,124.0,124.0
737.3919,124.0,124.0
540.5313,124.0,124.0
899.5342,124.0,124.0
540.1363,123.0,123.0
721.40265,123.0,123.0
897.5243,123.0,123.0
821.4829,123.0,123.0
914.54346,123.0,123.0
703.5985,123.0,123.0
847.4017,123.0,123.0
762.5607,123.0,123.0
709.50824,123.0,123.0
743.38165,123.0,123.0
528.10187,123.0,123.0
471.2996,122.0,122.0
429.2966,122.0,122.0
523.5221,122.0,122.0
727.1774,122.0,122.0
795.20416,122.0,122.0
799.229,122.0,122.0
409.12256,122.0,122.0
841.42694,122.0,122.0
924.563,122.0,122.0
616.4977,122.0,122.0
759.63086,121.0,121.0
831.2225,121.0,121.0
825.5227,121.0,121.0
853.58136,121.0,121.0
598.3485,121.0,121.0
683.45447,121.0,121.0
362.0698,121.0,121.0
750.4413,121.0,121.0
876.58026,121.0,121.0
540.4063,121.0,121.0
788.6645,121.0,121.0
905.47894,121.0,121.0
497.30835,121.0,121.0
817.2081,121.0,121.0
853.5114,120.0,120.0
810.42847,120.0,120.0
869.5206,120.0,120.0
567.16003,120.0,120.0
315.26703,120.0,120.0
583.1893,120.0,120.0
926.6029,120.0,120.0
639.5666,120.0,120.0
761.39075,120.0,120.0
379.11398,120.0,120.0
780.5099,119.0,119.0
709.40826,119.0,119.0
855.48627,119.0,119.0
713.39307,119.0,119.0
527.13196,119.0,119.0
760.54584,119.0,119.0
506.3279,119.0,119.0
389.0985,119.0,119.0
649.5111,119.0,119.0
637.2367,119.0,119.0
913.4885,118.0,118.0
960.6263,118.0,118.0
789.42444,118.0,118.0
386.07364,118.0,118.0
735.382,118.0,118.0
806.4636,118.0,118.0
790.4344,118.0,118.0
474.08945,118.0,118.0
957.59143,118.0,118.0
529.14685,118.0,118.0
717.2279,118.0,118.0
551.40076,118.0,118.0
646.14124,118.0,118.0
811.4584,118.0,118.0
756.38104,117.0,117.0
865.48584,117.0,117.0
833.45233,117.0,117.0
677.4548,117.0,117.0
813.4383,117.0,117.0
465.29486,117.0,117.0
725.1625,117.0,117.0
675.1799,117.0,117.0
431.2465,117.0,117.0
613.16284,117.0,117.0
734.41705,117.0,117.0
783.23474,117.0,117.0
891.2246,117.0,117.0
689.4992,116.0,116.0
539.12634,116.0,116.0
695.35394,116.0,116.0
729.1573,116.0,116.0
321.07175,116.0,116.0
404.31277,116.0,116.0
569.31494,115.0,115.0
834.5923,115.0,115.0
432.31143,115.0,115.0
746.1915,115.0,115.0
381.34888,115.0,115.0
947.55194,115.0,115.0
869.46063,115.0,115.0
906.57385,115.0,115.0
822.42285,115.0,115.0
524.30707,114.0,114.0
732.1772,114.0,114.0
686.1694,114.0,114.0
605.3732,114.0,114.0
915.5034,114.0,114.0
767.4455,114.0,114.0
516.13745,114.0,114.0
386.30862,114.0,114.0
958.6064,114.0,114.0
878.5252,113.0,113.0
585.51917,113.0,113.0
867.22076,113.0,113.0
635.36176,113.0,113.0
458.3402,113.0,113.0
380.26392,113.0,113.0
722.41266,113.0,113.0
796.4091,113.0,113.0
808.5485,113.0,113.0
588.32904,112.0,112.0
446.27078,112.0,112.0
696.39386,112.0,112.0
452.2855,112.0,112.0
964.5811,112.0,112.0
823.23285,111.0,111.0
812.4683,111.0,111.0
487.13382,111.0,111.0
809.4485,111.0,111.0
933.5976,111.0,111.0
895.6844,111.0,111.0
329.21136,111.0,111.0
528.33685,111.0,111.0
911.43365,111.0,111.0
502.4931,111.0,111.0
655.35583,110.0,110.0
317.07693,110.0,110.0
825.2127,110.0,110.0
613.4528,110.0,110.0
422.31192,110.0,110.0
351.08032,110.0,110.0
684.49445,110.0,110.0
703.1735,110.0,110.0
449.06064,110.0,110.0
668.1502,110.0,110.0
579.1594,110.0,110.0
546.32104,110.0,110.0
556.3455,110.0,110.0
847.4317,109.0,109.0
928.47284,109.0,109.0
307.0924,109.0,109.0
376.0891,109.0,109.0
717.1529,109.0,109.0
698.3738,109.0,109.0
771.4253,109.0,109.0
661.1655,108.0,108.0
338.25592,108.0,108.0
559.3254,108.0,108.0
436.36124,108.0,108.0
738.6819,108.0,108.0
815.4432,108.0,108.0
536.3415,108.0,108.0
701.1586,108.0,108.0
787.5645,108.0,108.0
742.3667,107.0,107.0
883.47,107.0,107.0
663.1805,107.0,107.0
884.5949,107.0,107.0
748.52136,107.0,107.0
695.3839,107.0,107.0
827.1926,107.0,107.0
501.36816,107.0,107.0
500.35822,107.0,107.0
325.24655,107.0,107.0
764.41565,107.0,107.0
547.121,107.0,107.0
999.5844,107.0,107.0
849.2116,106.0,106.0
383.1088,106.0,106.0
861.451,106.0,106.0
550.3908,106.0,106.0
382.09885,106.0,106.0
815.6932,106.0,106.0
731.17224,106.0,106.0
955.4915,106.0,106.0
868.5207,106.0,106.0
827.22766,106.0,106.0
823.4328,106.0,106.0
855.4413,106.0,106.0
564.3652,106.0,106.0
848.43665,106.0,106.0
398.34805,105.0,105.0
757.186,105.0,105.0
521.5072,105.0,105.0
757.22095,105.0,105.0
637.1667,105.0,105.0
430.24155,105.0,105.0
410.34747,105.0,105.0
494.3235,105.0,105.0
913.5335,105.0,105.0
756.516,105.0,105.0
620.3525,105.0,105.0
667.4802,105.0,105.0
882.51,105.0,105.0
931.5827,105.0,105.0
871.2205,105.0,105.0
963.4711,105.0,105.0
756.211,105.0,105.0
777.56,104.0,104.0
869.66565,104.0,104.0
654.38086,104.0,104.0
880.5001,104.0,104.0
431.1065,104.0,104.0
565.14514,104.0,104.0
623.1874,104.0,104.0
476.10437,104.0,104.0
381.23886,104.0,104.0
861.386,104.0,104.0
631.55695,104.0,104.0
826.53265,104.0,104.0
354.32016,103.0,103.0
700.3887,103.0,103.0
772.4852,103.0,103.0
855.2213,103.0,103.0
637.20166,103.0,103.0
603.3633,103.0,103.0
635.1518,103.0,103.0
945.532,103.0,103.0
405.34772,103.0,103.0
756.616,103.0,103.0
580.1644,103.0,103.0
879.53015,103.0,103.0
891.5596,103.0,103.0
819.223,103.0,103.0
715.50793,103.0,103.0
708.3933,103.0,103.0
425.0918,102.0,102.0
908.59375,102.0,102.0
669.16016,102.0,102.0
401.2629,102.0,102.0
647.1512,102.0,102.0
300.06274,102.0,102.0
341.1008,102.0,102.0
613.5478,102.0,102.0
301.28268,102.0,102.0
821.4179,102.0,102.0
765.1906,102.0,102.0
879.4302,102.0,102.0
882.555,102.0,102.0
824.6078,102.0,102.0
646.3713,101.0,101.0
399.28302,101.0,101.0
627.14716,101.0,101.0
356.26508,101.0,101.0
712.3531,101.0,101.0
343.22568,101.0,101.0
715.378,101.0,101.0
872.5105,101.0,101.0
686.3743,101.0,101.0
773.2152,101.0,101.0
870.4706,100.0,100.0
587.32904,100.0,100.0
535.33655,100.0,100.0
525.317,100.0,100.0
674.4099,100.0,100.0
776.41504,100.0,100.0
934.43756,100.0,100.0
357.31003,100.0,100.0
537.11145,100.0,100.0
868.65564,99.0,99.0
465.36487,99.0,99.0
737.37195,99.0,99.0
986.54504,99.0,99.0
584.3842,99.0,99.0
840.467,99.0,99.0
585.39417,99.0,99.0
914.48846,99.0,99.0
369.26944,99.0,99.0
904.59894,99.0,99.0
939.5073,99.0,99.0
438.34116,99.0,99.0
787.40955,99.0,99.0
774.52014,99.0,99.0
812.66833,99.0,99.0
512.10767,99.0,99.0
565.3751,99.0,99.0
724.3875,99.0,99.0
437.3362,99.0,99.0
713.19305,99.0,99.0
626.1372,99.0,99.0
797.21405,98.0,98.0
831.43744,98.0,98.0
975.5856,98.0,98.0
376.3091,98.0,98.0
694.164,98.0,98.0
860.6061,98.0,98.0
820.483,98.0,98.0
735.202,98.0,98.0
604.59827,98.0,98.0
768.41547,98.0,98.0
887.4698,98.0,98.0
461.29507,98.0,98.0
845.5218,98.0,98.0
767.1705,98.0,98.0
619.35754,97.0,97.0
611.14795,97.0,97.0
680.3646,97.0,97.0
769.1854,97.0,97.0
699.1787,97.0,97.0
695.5139,97.0,97.0
316.20697,97.0,97.0
962.5412,97.0,97.0
708.1783,97.0,97.0
897.4493,97.0,97.0
527.3219,97.0,97.0
722.3676,97.0,97.0
780.47986,96.0,96.0
757.48596,96.0,96.0
904.46893,96.0,96.0
757.5159,96.0,96.0
761.1808,96.0,96.0
793.5643,96.0,96.0
726.40247,96.0,96.0
685.1944,96.0,96.0
817.6431,96.0,96.0
729.5223,96.0,96.0
795.44415,96.0,96.0
541.10626,96.0,96.0
520.3373,96.0,96.0
743.42163,96.0,96.0
477.3243,95.0,95.0
781.46484,95.0,95.0
508.30283,95.0,95.0
752.4162,95.0,95.0
899.4342,95.0,95.0
966.596,95.0,95.0
590.3839,95.0,95.0
909.5387,95.0,95.0
973.5657,95.0,95.0
766.3955,95.0,95.0
313.20712,95.0,95.0
371.04437,95.0,95.0
392.29333,95.0,95.0
328.2714,95.0,95.0
389.3085,95.0,95.0
849.5216,95.0,95.0
664.1504,94.0,94.0
567.36,94.0,94.0
563.1352,94.0,94.0
550.55084,94.0,94.0
792.4493,94.0,94.0
601.1034,94.0,94.0
909.5987,94.0,94.0
611.3629,94.0,94.0
809.2185,94.0,94.0
438.09116,94.0,94.0
710.4082,94.0,94.0
383.25378,94.0,94.0
943.4571,93.0,93.0
930.5777,93.0,93.0
851.2265,93.0,93.0
861.666,93.0,93.0
845.60175,93.0,93.0
349.0654,93.0,93.0
388.31354,93.0,93.0
855.6513,93.0,93.0
925.58795,93.0,93.0
394.29825,93.0,93.0
959.45135,93.0,93.0
558.1155,93.0,93.0
602.38336,92.0,92.0
661.36554,92.0,92.0
829.2075,92.0,92.0
549.38586,92.0,92.0
766.43054,92.0,92.0
378.324,92.0,92.0
309.21732,92.0,92.0
886.45483,92.0,92.0
870.5356,92.0,92.0
836.4722,92.0,92.0
539.05634,92.0,92.0
448.28568,92.0,92.0
971.5508,92.0,92.0
463.09998,92.0,92.0
372.2643,92.0,92.0
414.3373,91.0,91.0
772.20526,91.0,91.0
746.5365,91.0,91.0
369.23444,91.0,91.0
901.5491,91.0,91.0
756.416,91.0,91.0
475.0994,91.0,91.0
782.4598,91.0,91.0
404.35278,91.0,91.0
380.33893,91.0,91.0
582.3543,91.0,91.0
454.2954,91.0,91.0
355.22012,91.0,91.0
636.15674,91.0,91.0
460.3551,90.0,90.0
839.22705,90.0,90.0
408.29758,90.0,90.0
653.3759,90.0,90.0
442.30096,90.0,90.0
640.3665,90.0,90.0
732.4172,90.0,90.0
308.19235,90.0,90.0
853.2064,90.0,90.0
371.00937,90.0,90.0
631.352,90.0,90.0
358.26495,90.0,90.0
529.3618,90.0,90.0
381.09387,90.0,90.0
761.63074,90.0,90.0
384.25873,89.0,89.0
461.08008,89.0,89.0
523.4671,89.0,89.0
893.50946,89.0,89.0
765.39056,89.0,89.0
600.36346,89.0,89.0
780.4399,89.0,89.0
581.3643,89.0,89.0
301.0677,89.0,89.0
365.09964,89.0,89.0
378.06903,89.0,89.0
705.15344,89.0,89.0
306.08246,89.0,89.0
499.09827,89.0,89.0
721.5777,89.0,89.0
625.13226,89.0,89.0
548.5359,89.0,89.0
720.5827,89.0,89.0
684.55945,89.0,89.0
631.61694,89.0,89.0
839.1921,88.0,88.0
768.44543,88.0,88.0
612.60284,88.0,88.0
613.1328,88.0,88.0
425.37177,88.0,88.0
402.30286,88.0,88.0
449.31564,88.0,88.0
328.0814,88.0,88.0
662.1705,88.0,88.0
387.1786,88.0,88.0
903.594,88.0,88.0
461.33505,87.0,87.0
650.39606,87.0,87.0
482.29407,87.0,87.0
793.42926,87.0,87.0
566.38007,87.0,87.0
459.35016,87.0,87.0
797.41406,87.0,87.0
972.56573,86.0,86.0
760.4358,86.0,86.0
917.56836,86.0,86.0
329.09634,86.0,86.0
898.5192,86.0,86.0
1000.59436,86.0,86.0
375.28915,86.0,86.0
739.1818,86.0,86.0
391.2834,86.0,86.0
672.39,86.0,86.0
885.66486,85.0,85.0
857.4562,85.0,85.0
862.456,85.0,85.0
650.13605,85.0,85.0
736.57196,85.0,85.0
673.165,85.0,85.0
581.1744,85.0,85.0
843.22186,85.0,85.0
673.37,85.0,85.0
892.5095,85.0,85.0
568.33496,85.0,85.0
692.1791,85.0,85.0
375.08417,85.0,85.0
434.27136,85.0,85.0
602.42334,85.0,85.0
732.57715,85.0,85.0
479.3292,85.0,85.0
900.5441,85.0,85.0
691.1391,85.0,85.0
623.3674,84.0,84.0
959.6113,84.0,84.0
364.0247,84.0,84.0
625.38226,84.0,84.0
574.1097,84.0,84.0
303.0576,84.0,84.0
321.27673,84.0,84.0
876.4753,84.0,84.0
782.42975,84.0,84.0
485.32892,84.0,84.0
641.37646,84.0,84.0
886.5448,84.0,84.0
707.49335,84.0,84.0
501.11316,84.0,84.0
682.16455,84.0,84.0
428.28662,84.0,84.0
835.4622,83.0,83.0
836.6072,83.0,83.0
437.0862,83.0,83.0
576.36456,83.0,83.0
728.45233,83.0,83.0
305.0775,83.0,83.0
731.2072,83.0,83.0
541.3113,83.0,83.0
369.09445,83.0,83.0
970.55084,83.0,83.0
383.36377,83.0,83.0
705.1885,83.0,83.0
439.3511,83.0,83.0
394.09827,82.0,82.0
340.08585,82.0,82.0
313.0671,82.0,82.0
705.22845,82.0,82.0
407.28262,82.0,82.0
397.3431,82.0,82.0
806.66864,82.0,82.0
846.60175,82.0,82.0
800.5089,82.0,82.0
612.1529,82.0,82.0
552.50073,82.0,82.0
463.27997,82.0,82.0
808.44855,82.0,82.0
568.42993,82.0,82.0
675.2549,82.0,82.0
319.09683,81.0,81.0
816.6381,81.0,81.0
687.3843,81.0,81.0
802.4688,81.0,81.0
803.22375,81.0,81.0
704.3835,81.0,81.0
820.45294,81.0,81.0
777.18005,81.0,81.0
435.3513,81.0,81.0
406.0977,81.0,81.0
897.5393,81.0,81.0
571.46484,81.0,81.0
854.5913,81.0,81.0
871.50055,81.0,81.0
916.5584,80.0,80.0
778.6,80.0,80.0
749.58136,80.0,80.0
819.653,80.0,80.0
714.448,80.0,80.0
417.29715,80.0,80.0
738.40686,80.0,80.0
962.63617,80.0,80.0
626.4872,80.0,80.0
744.4866,80.0,80.0
432.28143,80.0,80.0
892.5645,80.0,80.0
325.03656,79.0,79.0
679.1397,79.0,79.0
543.49115,79.0,79.0
805.4587,79.0,79.0
329.31635,79.0,79.0
505.36298,79.0,79.0
723.4226,79.0,79.0
838.4871,79.0,79.0
468.30972,79.0,79.0
939.6473,79.0,79.0
424.08185,79.0,79.0
679.3897,78.0,78.0
464.2849,78.0,78.0
685.4644,78.0,78.0
713.1631,78.0,78.0
743.20667,78.0,78.0
755.58105,78.0,78.0
716.4229,78.0,78.0
473.3045,78.0,78.0
922.5481,78.0,78.0
717.1929,78.0,78.0
946.60693,78.0,78.0
839.49207,78.0,78.0
759.20087,78.0,78.0
719.56775,78.0,78.0
565.1101,78.0,78.0
753.43115,77.0,77.0
493.08356,77.0,77.0
910.5437,77.0,77.0
828.5426,77.0,77.0
614.61774,77.0,77.0
439.1011,77.0,77.0
567.125,77.0,77.0
678.16473,77.0,77.0
645.5413,77.0,77.0
646.5112,77.0,77.0
729.4273,77.0,77.0
824.4678,77.0,77.0
534.3266,77.0,77.0
444.33087,77.0,77.0
331.25626,77.0,77.0
688.3892,77.0,77.0
824.43774,76.0,76.0
620.3875,76.0,76.0
457.33026,76.0,76.0
699.14374,76.0,76.0
685.16943,76.0,76.0
630.347,76.0,76.0
784.45966,76.0,76.0
636.3767,76.0,76.0
513.1126,76.0,76.0
789.2095,76.0,76.0
779.5749,75.0,75.0
662.4055,75.0,75.0
570.51984,75.0,75.0
878.4502,75.0,75.0
693.409,75.0,75.0
694.389,75.0,75.0
407.10764,75.0,75.0
622.48737,75.0,75.0
755.1711,75.0,75.0
680.38965,74.0,74.0
655.5608,74.0,74.0
669.3702,74.0,74.0
955.45154,74.0,74.0
367.22455,74.0,74.0
654.55084,74.0,74.0
466.29984,74.0,74.0
528.1369,74.0,74.0
877.44525,74.0,74.0
352.09027,74.0,74.0
956.5865,74.0,74.0
378.10403,74.0,74.0
687.4193,74.0,74.0
409.30255,74.0,74.0
900.57916,74.0,74.0
954.5766,74.0,74.0
875.46533,74.0,74.0
675.2149,74.0,74.0
838.6771,74.0,74.0
667.14526,74.0,74.0
628.5971,74.0,74.0
697.4038,74.0,74.0
534.0416,74.0,74.0
741.4267,74.0,74.0
839.46204,74.0,74.0
586.3441,73.0,73.0
676.14984,73.0,73.0
425.33676,73.0,73.0
403.3478,73.0,73.0
489.36374,73.0,73.0
457.29526,73.0,73.0
781.4298,73.0,73.0
902.4841,73.0,73.0
578.3795,73.0,73.0
897.5993,73.0,73.0
445.12582,73.0,73.0
886.6648,73.0,73.0
834.4573,73.0,73.0
597.3486,73.0,73.0
692.14905,73.0,73.0
775.5201,73.0,73.0
467.3748,73.0,73.0
836.4422,73.0,73.0
655.3908,72.0,72.0
336.06104,72.0,72.0
675.1449,72.0,72.0
530.36676,72.0,72.0
777.21,72.0,72.0
366.24957,72.0,72.0
484.31897,72.0,72.0
489.11374,72.0,72.0
390.27344,72.0,72.0
395.10822,72.0,72.0
759.5359,72.0,72.0
894.5794,72.0,72.0
769.5854,71.0,71.0
650.51605,71.0,71.0
406.27267,71.0,71.0
486.33887,71.0,71.0
509.3578,71.0,71.0
440.28607,71.0,71.0
410.2725,71.0,71.0
393.2683,71.0,71.0
387.35358,71.0,71.0
717.3929,71.0,71.0
351.2253,71.0,71.0
432.37143,71.0,71.0
791.44434,71.0,71.0
577.35956,71.0,71.0
390.31845,71.0,71.0
797.45404,71.0,71.0
583.5043,70.0,70.0
463.37997,70.0,70.0
814.6182,70.0,70.0
803.1938,70.0,70.0
761.21576,70.0,70.0
581.34436,70.0,70.0
395.2532,70.0,70.0
393.09332,70.0,70.0
436.32626,70.0,70.0
304.08755,70.0,70.0
787.22955,70.0,70.0
462.30002,70.0,70.0
552.4057,70.0,70.0
369.01447,70.0,70.0
610.363,70.0,70.0
809.55347,70.0,70.0
487.30383,70.0,70.0
835.5972,70.0,70.0
412.3224,70.0,70.0
367.07956,70.0,70.0
415.35226,70.0,70.0
861.416,70.0,70.0
707.17334,70.0,70.0
631.48694,69.0,69.0
334.08112,69.0,69.0
392.08334,69.0,69.0
698.47375,69.0,69.0
859.5911,69.0,69.0
387.99356,69.0,69.0
649.1311,69.0,69.0
627.3572,69.0,69.0
389.0635,69.0,69.0
360.0499,69.0,69.0
841.207,69.0,69.0
718.1978,69.0,69.0
479.0642,68.0,68.0
810.64844,68.0,68.0
643.1164,68.0,68.0
503.12808,68.0,68.0
728.41736,68.0,68.0
650.43604,68.0,68.0
427.35168,68.0,68.0
719.20776,68.0,68.0
614.4828,68.0,68.0
817.5081,68.0,68.0
698.64874,68.0,68.0
557.1105,68.0,68.0
920.5332,68.0,68.0
823.65784,68.0,68.0
633.1369,68.0,68.0
689.15924,68.0,68.0
357.27502,68.0,68.0
359.2199,68.0,68.0
739.4118,68.0,68.0
928.5228,68.0,68.0
439.3161,68.0,68.0
493.39352,68.0,68.0
879.48517,68.0,68.0
752.5862,67.0,67.0
423.32187,67.0,67.0
723.4576,67.0,67.0
437.3012,67.0,67.0
674.4699,67.0,67.0
674.1699,67.0,67.0
559.4104,67.0,67.0
433.29138,67.0,67.0
585.13416,67.0,67.0
438.38116,67.0,67.0
675.48987,67.0,67.0
698.40875,67.0,67.0
587.3591,67.0,67.0
355.2551,67.0,67.0
717.42285,67.0,67.0
456.3103,67.0,67.0
737.18695,67.0,67.0
415.07727,67.0,67.0
428.36163,67.0,67.0
599.1485,66.0,66.0
623.14734,66.0,66.0
626.3872,66.0,66.0
639.4916,66.0,66.0
759.5959,66.0,66.0
448.34567,66.0,66.0
446.30078,66.0,66.0
701.4486,66.0,66.0
502.3781,66.0,66.0
545.3511,66.0,66.0
490.3737,66.0,66.0
665.16034,66.0,66.0
423.07187,66.0,66.0
523.4021,66.0,66.0
758.5309,66.0,66.0
418.33212,66.0,66.0
420.32202,66.0,66.0
839.68207,65.0,65.0
586.1391,65.0,65.0
679.1747,65.0,65.0
308.29236,65.0,65.0
718.16284,65.0,65.0
748.4264,65.0,65.0
756.176,65.0,65.0
826.6227,65.0,65.0
735.16705,65.0,65.0
411.07745,65.0,65.0
693.439,65.0,65.0
704.41846,65.0,65.0
862.48596,65.0,65.0
473.0845,65.0,65.0
629.60205,65.0,65.0
633.63184,65.0,65.0
621.4274,65.0,65.0
869.2006,65.0,65.0
336.24103,65.0,65.0
411.35745,64.0,64.0
435.2813,64.0,64.0
733.1521,64.0,64.0
374.3092,64.0,64.0
620.3325,64.0,64.0
750.5713,64.0,64.0
771.1653,64.0,64.0
329.07135,64.0,64.0
677.1598,64.0,64.0
815.4082,64.0,64.0
716.44293,64.0,64.0
893.56946,63.0,63.0
412.3624,63.0,63.0
756.576,63.0,63.0
609.388,63.0,63.0
411.31744,63.0,63.0
804.4437,63.0,63.0
808.62854,63.0,63.0
606.40814,63.0,63.0
877.58527,63.0,63.0
643.52136,63.0,63.0
786.6496,63.0,63.0
477.05432,63.0,63.0
597.3836,63.0,63.0
548.3759,63.0,63.0
500.10822,63.0,63.0
744.1766,62.0,62.0
487.09885,62.0,62.0
680.14966,62.0,62.0
643.3914,62.0,62.0
503.30807,62.0,62.0
508.3828,62.0,62.0
742.4317,62.0,62.0
998.5845,62.0,62.0
410.3075,62.0,62.0
678.4647,62.0,62.0
649.3811,62.0,62.0
660.4206,62.0,62.0
745.1865,62.0,62.0
856.5712,62.0,62.0
312.09216,62.0,62.0
806.42865,62.0,62.0
572.12476,62.0,62.0
797.1791,62.0,62.0
480.30914,62.0,62.0
392.38333,61.0,61.0
329.27634,61.0,61.0
391.0784,61.0,61.0
450.0906,61.0,61.0
435.31628,61.0,61.0
539.36633,61.0,61.0
495.37344,61.0,61.0
387.28857,61.0,61.0
877.4852,61.0,61.0
521.3572,61.0,61.0
982.6002,61.0,61.0
879.58514,61.0,61.0
527.3719,61.0,61.0
745.6165,61.0,61.0
736.172,61.0,61.0
706.5334,60.0,60.0
646.54126,60.0,60.0
355.3301,60.0,60.0
669.54016,60.0,60.0
707.5383,60.0,60.0
781.7348,60.0,60.0
743.17163,60.0,60.0
583.11926,60.0,60.0
515.1275,60.0,60.0
741.15674,60.0,60.0
452.3255,60.0,60.0
342.30573,60.0,60.0
698.17377,60.0,60.0
599.4335,60.0,60.0
832.4774,60.0,60.0
923.55304,60.0,60.0
434.30136,60.0,60.0
464.35492,60.0,60.0
522.32214,60.0,60.0
775.1951,60.0,60.0
744.4516,59.0,59.0
463.31998,59.0,59.0
801.1789,59.0,59.0
441.29602,59.0,59.0
541.36127,59.0,59.0
580.3294,59.0,59.0
694.459,59.0,59.0
724.42755,59.0,59.0
624.3773,59.0,59.0
691.17413,59.0,59.0
879.45013,59.0,59.0
388.35852,59.0,59.0
766.56555,59.0,59.0
718.3978,59.0,59.0
873.45044,59.0,59.0
331.23126,59.0,59.0
307.2574,59.0,59.0
599.3535,58.0,58.0
739.69183,58.0,58.0
426.34674,58.0,58.0
759.1659,58.0,58.0
563.3652,58.0,58.0
899.5642,58.0,58.0
398.38306,58.0,58.0
863.4709,58.0,58.0
416.2872,58.0,58.0
506.40292,58.0,58.0
570.3849,58.0,58.0
537.35645,58.0,58.0
453.33044,58.0,58.0
894.5194,58.0,58.0
373.26926,58.0,58.0
796.48413,58.0,58.0
644.5313,58.0,58.0
771.5653,58.0,58.0
319.25684,58.0,58.0
449.37064,58.0,58.0
656.39575,58.0,58.0
707.42334,58.0,58.0
431.27148,58.0,58.0
769.4704,58.0,58.0
785.6496,58.0,58.0
653.5459,57.0,57.0
656.60077,57.0,57.0
618.4126,57.0,57.0
568.37,57.0,57.0
935.4375,57.0,57.0
838.4571,57.0,57.0
408.36758,57.0,57.0
373.06427,57.0,57.0
774.1852,57.0,57.0
642.40643,57.0,57.0
345.27557,57.0,57.0
595.37366,57.0,57.0
586.3941,57.0,57.0
572.37976,57.0,57.0
780.57983,57.0,57.0
816.6981,57.0,57.0
625.16724,57.0,57.0
784.5447,57.0,57.0
621.13745,56.0,56.0
613.6078,56.0,56.0
479.3792,56.0,56.0
607.1181,56.0,56.0
659.15063,56.0,56.0
875.5703,56.0,56.0
481.3241,56.0,56.0
575.4046,56.0,56.0
425.3018,56.0,56.0
306.23245,56.0,56.0
483.364,56.0,56.0
553.5057,56.0,56.0
315.302,56.0,56.0
503.38306,56.0,56.0
554.41565,56.0,56.0
690.3992,56.0,56.0
803.47876,56.0,56.0
451.38052,56.0,56.0
488.35876,56.0,56.0
904.49396,56.0,56.0
642.3815,56.0,56.0
490.29868,56.0,56.0
638.3966,55.0,55.0
569.3449,55.0,55.0
637.38165,55.0,55.0
301.24768,55.0,55.0
467.30978,55.0,55.0
789.66943,55.0,55.0
669.61017,55.0,55.0
815.19324,55.0,55.0
673.46497,55.0,55.0
770.59033,55.0,55.0
874.4904,55.0,55.0
403.28284,55.0,55.0
373.31424,55.0,55.0
671.1551,55.0,55.0
622.1424,55.0,55.0
714.498,55.0,55.0
619.41754,55.0,55.0
729.1923,55.0,55.0
672.42,55.0,55.0
442.37097,55.0,55.0
385.0637,54.0,54.0
693.15405,54.0,54.0
385.26868,54.0,54.0
375.24915,54.0,54.0
841.63696,54.0,54.0
492.38858,54.0,54.0
366.0096,54.0,54.0
497.08334,54.0,54.0
301.20767,54.0,54.0
656.5658,54.0,54.0
315.22202,54.0,54.0
449.29062,54.0,54.0
781.1898,54.0,54.0
701.55365,54.0,54.0
754.4311,54.0,54.0
682.6195,54.0,54.0
419.35706,54.0,54.0
667.17523,54.0,54.0
542.3662,54.0,54.0
770.47034,54.0,54.0
563.4052,54.0,54.0
801.67883,54.0,54.0
873.5554,53.0,53.0
647.4962,53.0,53.0
546.396,53.0,53.0
324.2366,53.0,53.0
931.4927,53.0,53.0
700.44867,53.0,53.0
690.4642,53.0,53.0
438.30115,53.0,53.0
658.5107,53.0,53.0
749.18134,53.0,53.0
395.3632,53.0,53.0
677.4148,53.0,53.0
878.4852,53.0,53.0
569.1049,53.0,53.0
847.6017,53.0,53.0
560.37537,52.0,52.0
786.1846,52.0,52.0
350.07535,52.0,52.0
597.1336,52.0,52.0
580.3594,52.0,52.0
509.39276,52.0,52.0
435.07132,52.0,52.0
742.56165,52.0,52.0
491.30862,52.0,52.0
657.50073,52.0,52.0
570.10986,52.0,52.0
393.3483,52.0,52.0
670.4401,52.0,52.0
823.1978,52.0,52.0
304.21255,52.0,52.0
678.42474,52.0,52.0
356.33505,52.0,52.0
669.41016,52.0,52.0
786.48956,52.0,52.0
583.41425,51.0,51.0
588.364,51.0,51.0
687.1443,51.0,51.0
644.4213,51.0,51.0
594.3737,51.0,51.0
436.28625,51.0,51.0
901.4791,51.0,51.0
320.24677,51.0,51.0
663.14545,51.0,51.0
509.31778,51.0,51.0
717.5829,51.0,51.0
577.41956,51.0,51.0
340.31082,51.0,51.0
368.0195,51.0,51.0
807.6286,51.0,51.0
624.4073,51.0,51.0
599.4035,51.0,51.0
524.33704,51.0,51.0
380.9939,50.0,50.0
655.5958,50.0,50.0
388.30353,50.0,50.0
440.40607,50.0,50.0
683.5545,50.0,50.0
586.5891,50.0,50.0
767.5705,50.0,50.0
681.4396,50.0,50.0
747.16644,50.0,50.0
337.06598,50.0,50.0
660.45557,50.0,50.0
561.3503,50.0,50.0
544.3811,50.0,50.0
576.5646,50.0,50.0
565.4151,50.0,50.0
518.48737,50.0,50.0
620.4225,50.0,50.0
669.4952,50.0,50.0
634.14185,50.0,50.0
471.3296,50.0,50.0
626.17224,50.0,50.0
339.22586,50.0,50.0
614.5528,50.0,50.0
309.2773,50.0,50.0
410.38248,50.0,50.0
343.26068,50.0,50.0
692.4391,49.0,49.0
574.39465,49.0,49.0
799.65894,49.0,49.0
348.06046,49.0,49.0
911.47363,49.0,49.0
555.39557,49.0,49.0
480.38916,49.0,49.0
441.32602,49.0,49.0
465.11487,49.0,49.0
729.5823,49.0,49.0
453.36545,49.0,49.0
793.4592,49.0,49.0
476.39435,49.0,49.0
760.17084,49.0,49.0
417.36716,49.0,49.0
427.31168,49.0,49.0
450.3006,49.0,49.0
779.5999,49.0,49.0
676.3848,49.0,49.0
440.35605,49.0,49.0
734.48206,49.0,49.0
758.5959,49.0,49.0
307.2974,49.0,49.0
424.2918,49.0,49.0
455.31033,48.0,48.0
730.42725,48.0,48.0
570.35486,48.0,48.0
637.1317,48.0,48.0
815.6282,48.0,48.0
392.33835,48.0,48.0
689.39923,48.0,48.0
654.5909,48.0,48.0
364.0897,48.0,48.0
796.4491,48.0,48.0
644.39636,48.0,48.0
421.37695,48.0,48.0
659.5156,48.0,48.0
312.05716,48.0,48.0
673.40497,48.0,48.0
878.5852,48.0,48.0
549.54083,48.0,48.0
498.08832,48.0,48.0
588.404,47.0,47.0
558.3604,47.0,47.0
538.51636,47.0,47.0
627.39716,47.0,47.0
589.47894,47.0,47.0
661.4605,47.0,47.0
562.3503,47.0,47.0
545.1111,47.0,47.0
632.42194,47.0,47.0
660.39056,47.0,47.0
477.3943,47.0,47.0
579.35443,47.0,47.0
534.3966,47.0,47.0
389.3685,47.0,47.0
359.28992,47.0,47.0
445.3308,47.0,47.0
504.388,47.0,47.0
700.4187,47.0,47.0
517.3924,47.0,47.0
903.489,47.0,47.0
426.37674,47.0,47.0
723.5176,47.0,47.0
510.39774,47.0,47.0
463.34998,47.0,47.0
604.39825,47.0,47.0
584.1242,47.0,47.0
628.5021,47.0,47.0
556.4055,46.0,46.0
624.1573,46.0,46.0
787.1945,46.0,46.0
429.36658,46.0,46.0
548.40094,46.0,46.0
465.32986,46.0,46.0
785.1796,46.0,46.0
820.553,46.0,46.0
391.2534,46.0,46.0
600.40845,46.0,46.0
512.3776,46.0,46.0
704.47845,46.0,46.0
603.3933,46.0,46.0
492.3136,46.0,46.0
667.43024,46.0,46.0
511.46768,46.0,46.0
533.3916,46.0,46.0
382.35382,46.0,46.0
418.30212,46.0,46.0
576.4096,46.0,46.0
387.2486,45.0,45.0
532.38165,45.0,45.0
409.05756,45.0,45.0
711.48816,45.0,45.0
543.3262,45.0,45.0
591.39886,45.0,45.0
772.55524,45.0,45.0
773.18024,45.0,45.0
685.5644,45.0,45.0
386.27863,45.0,45.0
481.3591,45.0,45.0
599.5335,45.0,45.0
559.3704,45.0,45.0
639.3966,45.0,45.0
561.3903,45.0,45.0
697.6438,45.0,45.0
622.4374,45.0,45.0
699.4187,45.0,45.0
516.38745,45.0,45.0
601.4184,45.0,45.0
729.4773,45.0,45.0
723.5376,45.0,45.0
573.3897,45.0,45.0
712.4881,45.0,45.0
372.3193,45.0,45.0
665.41034,44.0,44.0
715.44794,44.0,44.0
524.10706,44.0,44.0
439.3861,44.0,44.0
541.33124,44.0,44.0
668.4302,44.0,44.0
524.47205,44.0,44.0
627.56213,44.0,44.0
690.42914,44.0,44.0
461.36005,44.0,44.0
597.4236,44.0,44.0
800.5739,44.0,44.0
731.4622,44.0,44.0
703.46356,44.0,44.0
413.33734,44.0,44.0
823.6028,44.0,44.0
688.41925,44.0,44.0
799.194,44.0,44.0
634.4368,44.0,44.0
571.3848,44.0,44.0
811.1934,44.0,44.0
626.5822,44.0,44.0
451.33054,44.0,44.0
723.1726,44.0,44.0
365.23962,44.0,44.0
374.2842,43.0,43.0
595.1187,43.0,43.0
641.5065,43.0,43.0
640.40155,43.0,43.0
600.46844,43.0,43.0
605.3982,43.0,43.0
440.31607,43.0,43.0
433.3764,43.0,43.0
314.07208,43.0,43.0
450.34558,43.0,43.0
394.35324,43.0,43.0
614.37775,43.0,43.0
625.41724,43.0,43.0
311.2322,43.0,43.0
837.6121,43.0,43.0
651.43604,43.0,43.0
682.5495,43.0,43.0
319.2318,43.0,43.0
861.611,43.0,43.0
584.5092,43.0,43.0
385.3737,43.0,43.0
664.4104,43.0,43.0
493.32855,43.0,43.0
683.4195,43.0,43.0
804.5737,43.0,43.0
510.32272,43.0,43.0
579.38446,43.0,43.0
413.37234,42.0,42.0
697.43884,42.0,42.0
676.4198,42.0,42.0
313.0371,42.0,42.0
424.3268,42.0,42.0
453.29544,42.0,42.0
631.42194,42.0,42.0
358.03497,42.0,42.0
623.4973,42.0,42.0
659.42065,42.0,42.0
683.62946,42.0,42.0
503.49805,42.0,42.0
535.40155,42.0,42.0
396.36816,42.0,42.0
341.0358,42.0,42.0
642.5164,42.0,42.0
547.40094,42.0,42.0
353.2402,42.0,42.0
581.41437,42.0,42.0
650.47107,42.0,42.0
608.418,42.0,42.0
721.1527,42.0,42.0
529.39685,42.0,42.0
829.54755,42.0,42.0
371.25436,42.0,42.0
666.4303,42.0,42.0
652.40594,42.0,42.0
639.4366,42.0,42.0
652.53094,42.0,42.0
707.4583,41.0,41.0
697.5238,41.0,41.0
405.09274,41.0,41.0
756.446,41.0,41.0
505.39297,41.0,41.0
689.4242,41.0,41.0
468.43973,41.0,41.0
849.5816,41.0,41.0
325.00156,41.0,41.0
645.4063,41.0,41.0
640.5015,41.0,41.0
758.4509,41.0,41.0
324.0566,41.0,41.0
538.3614,41.0,41.0
732.46716,41.0,41.0
537.41644,41.0,41.0
589.384,41.0,41.0
661.13055,41.0,41.0
426.30673,41.0,41.0
557.3955,41.0,41.0
578.4195,41.0,41.0
627.4921,41.0,41.0
630.417,41.0,41.0
615.3977,41.0,41.0
665.48535,41.0,41.0
590.4239,40.0,40.0
409.37253,40.0,40.0
645.5013,40.0,40.0
862.66595,40.0,40.0
358.31497,40.0,40.0
307.2124,40.0,40.0
649.4661,40.0,40.0
462.345,40.0,40.0
591.4289,40.0,40.0
840.637,40.0,40.0
307.2374,40.0,40.0
530.5268,40.0,40.0
475.3894,40.0,40.0
616.3977,40.0,40.0
607.5031,40.0,40.0
480.35416,40.0,40.0
529.4568,40.0,40.0
388.25354,40.0,40.0
485.08392,40.0,40.0
400.36298,40.0,40.0
308.24734,40.0,40.0
541.41125,40.0,40.0
721.4377,39.0,39.0
589.41895,39.0,39.0
698.4388,39.0,39.0
733.6071,39.0,39.0
611.1179,39.0,39.0
312.23715,39.0,39.0
575.3646,39.0,39.0
571.1198,39.0,39.0
737.5719,39.0,39.0
359.25992,39.0,39.0
605.6032,39.0,39.0
474.37943,39.0,39.0
741.5567,39.0,39.0
655.42084,39.0,39.0
562.39026,39.0,39.0
515.3825,39.0,39.0
797.4941,39.0,39.0
783.6197,39.0,39.0
343.2957,39.0,39.0
681.47955,39.0,39.0
672.455,38.0,38.0
611.4029,38.0,38.0
696.4189,38.0,38.0
805.5187,38.0,38.0
365.06464,38.0,38.0
329.24136,38.0,38.0
449.08563,38.0,38.0
594.40875,38.0,38.0
511.0977,38.0,38.0
300.27774,38.0,38.0
734.53204,38.0,38.0
587.40405,38.0,38.0
827.6226,38.0,38.0
722.5426,38.0,38.0
695.4239,38.0,38.0
848.5816,38.0,38.0
654.4159,38.0,38.0
399.358,38.0,38.0
482.35907,38.0,38.0
610.39294,38.0,38.0
598.13855,37.0,37.0
641.4065,37.0,37.0
683.4945,37.0,37.0
367.01956,37.0,37.0
367.04956,37.0,37.0
469.43967,37.0,37.0
420.372,37.0,37.0
637.4167,37.0,37.0
871.5405,37.0,37.0
716.4829,37.0,37.0
538.4214,37.0,37.0
327.22644,37.0,37.0
713.49304,37.0,37.0
569.37994,37.0,37.0
782.61475,37.0,37.0
560.41534,37.0,37.0
553.3507,37.0,37.0
422.3869,37.0,37.0
686.46936,37.0,37.0
783.5947,37.0,37.0
681.4046,37.0,37.0
543.37616,37.0,37.0
470.32962,37.0,37.0
642.5864,37.0,37.0
670.4101,37.0,37.0
612.4079,36.0,36.0
300.23773,36.0,36.0
702.46356,36.0,36.0
773.5502,36.0,36.0
349.0104,36.0,36.0
668.5302,36.0,36.0
592.3938,36.0,36.0
546.521,36.0,36.0
680.43463,36.0,36.0
804.51373,36.0,36.0
839.6321,36.0,36.0
621.38745,36.0,36.0
495.39844,36.0,36.0
899.6192,36.0,36.0
673.52997,35.0,35.0
316.30698,35.0,35.0
335.0511,35.0,35.0
524.40704,35.0,35.0
710.5782,35.0,35.0
758.5009,35.0,35.0
679.4297,35.0,35.0
545.39105,35.0,35.0
441.411,35.0,35.0
739.4318,35.0,35.0
378.994,35.0,35.0
684.6344,35.0,35.0
718.4578,35.0,35.0
761.6158,35.0,35.0
641.5815,35.0,35.0
598.39355,35.0,35.0
373.33926,35.0,35.0
857.5762,35.0,35.0
450.37558,34.0,34.0
338.3359,34.0,34.0
826.59265,34.0,34.0
414.3773,34.0,34.0
600.53845,34.0,34.0
554.35565,34.0,34.0
824.57776,34.0,34.0
390.36844,34.0,34.0
302.28763,34.0,34.0
580.3994,34.0,34.0
636.41675,34.0,34.0
511.39767,34.0,34.0
496.3884,34.0,34.0
411.39243,34.0,34.0
341.0658,34.0,34.0
628.3971,34.0,34.0
593.39874,33.0,33.0
596.12366,33.0,33.0
577.5695,33.0,33.0
352.05527,33.0,33.0
564.40515,33.0,33.0
682.41455,33.0,33.0
555.4256,33.0,33.0
633.4319,33.0,33.0
363.01974,33.0,33.0
634.4018,33.0,33.0
653.4159,33.0,33.0
330.3213,33.0,33.0
364.99963,32.0,32.0
622.4024,32.0,32.0
821.5529,32.0,32.0
635.3968,32.0,32.0
317.27692,32.0,32.0
613.3928,32.0,32.0
667.52026,32.0,32.0
323.05164,32.0,32.0
369.37445,32.0,32.0
497.38834,32.0,32.0
524.392,32.0,32.0
341.24078,32.0,32.0
383.0438,32.0,32.0
427.38168,31.0,31.0
558.40045,31.0,31.0
663.41547,31.0,31.0
441.366,31.0,31.0
656.4258,31.0,31.0
651.396,31.0,31.0
808.6085,31.0,31.0
718.4228,31.0,31.0
931.5227,31.0,31.0
669.4352,31.0,31.0
730.4622,31.0,31.0
561.4253,31.0,31.0
640.57153,30.0,30.0
317.2419,30.0,30.0
671.42505,30.0,30.0
598.5485,30.0,30.0
796.5491,30.0,30.0
786.6246,30.0,30.0
655.5208,30.0,30.0
617.41266,30.0,30.0
402.26788,30.0,30.0
745.44653,30.0,30.0
691.4291,30.0,30.0
623.40234,30.0,30.0
343.3307,30.0,30.0
623.4423,30.0,30.0
384.36374,30.0,30.0
654.51587,29.0,29.0
595.4037,29.0,29.0
373.37424,29.0,29.0
491.06863,29.0,29.0
326.0665,29.0,29.0
811.62836,29.0,29.0
855.4613,29.0,29.0
344.30063,28.0,28.0
330.2463,28.0,28.0
679.46967,28.0,28.0
629.41205,27.0,27.0
303.29758,27.0,27.0
345.31058,26.0,26.0
706.4584,26.0,26.0
421.06198,25.0,25.0
310.07727,25.0,25.0
661.4005,25.0,25.0
536.4115,25.0,25.0
530.4618,24.0,24.0
350.99033,24.0,24.0
598.5285,24.0,24.0
366.36957,24.0,24.0
344.33563,23.0,23.0
912.4786,23.0,23.0
363.08475,22.0,22.0
302.25262,21.0,21.0
357.345,19.0,19.0
312.32214,19.0,19.0
303.26257,19.0,19.0
358.35495,17.0,17.0
370.0194,16.0,16.0
635.4418,16.0,16.0
323.23163,9.0,9.0
